entry,field,value,name_used,candidates
Q1059243,teachers,"רבי רפאל זיסקינד הכהן, רבה של מינסק",רבי רפאל זיסקינד הכהן,
Q1059243,students,רבי אריה לייב שפירא,רבי אריה לייב שפירא,Q12404251: אריה לייב שפירא (וילנה) (acharonim) | Q12404252: אריה לייב שפירא (acharonim)
Q1059243,family,"רבי יצחק, פרנס הקהילה בוולוז'ין",רבי יצחק,
Q1059243,family,"רבי יצחק (איצל'ה), ממלא מקומו בראשות הישיבה",רבי יצחק,
Q127398,students,רבי יוסף בן יהודה אבן שמעון,רבי יוסף בן יהודה אבן שמעון,
Q1304973,family,בת רב חסדא,בת רב חסדא,
Q1304973,family,רב שעורים,רב שעורים,
Q1324942,teachers,"רבי נתן צבי פינקל, הסבא מסלבודקה",רבי נתן צבי פינקל,Q2091430: נתן צבי פינקל (acharonei_zmanenu) | Q2903567: נתן צבי פינקל (מיר) (acharonei_zmanenu)
Q1324942,teachers,רבי יצחק יעקב רבינוביץ מפוניבז',רבי יצחק יעקב רבינוביץ מפוניבז',Q2899330: יצחק יעקב רבינוביץ (ביאלא) (acharonei_zmanenu) | Q60416188: יצחק יעקב רבינוביץ (פוניבז') (acharonei_zmanenu)
Q1324942,students,רבי דב צבי קרלנשטיין,רבי דב צבי קרלנשטיין,
Q1324942,students,רבי דן סגל,רבי דן סגל,
Q1324942,students,רבי אשר דויטש,רבי אשר דויטש,
Q1324942,family,ר' עזריאל שך,ר' עזריאל שך,
Q1324942,family,אפרים שך,אפרים שך,
Q1324942,family,רבי מאיר צבי ברגמן,רבי מאיר צבי ברגמן,
Q1329310,family,הורקנוס,הורקנוס,
Q1329310,family,הורקנוס,הורקנוס,
Q1376849,family,"רבי יהודה, רבה של טולדו",רבי יהודה,
Q1391598,family,"רבי ראובן פיינשטיין, ראש מתיבתא תפארת ירושלים בסטטן איילנד",רבי ראובן פיינשטיין,
Q1397565,teachers,רבי חנינא בר חמא,רבי חנינא בר חמא,
Q1397565,teachers,חזקיה בן רבי חייא,חזקיה בן רבי חייא,
Q1397565,students,רבי אבהו,רבי אבהו,Q18422795: אבימי בריה דרבי אבהו (amoraim) | Q305830: רבי אבהו (amoraim) | Q6854677: רב אבהו (amoraim)
Q1397565,students,רבי אמי ורבי אסי,רבי אמי ורבי אסי,
Q1621623,students,רבי דוסתאי ברבי ינאי,רבי דוסתאי ברבי ינאי,
Q1621623,students,רבי יוסי בן פרידא,רבי יוסי בן פרידא,
Q1621623,family,ברוריה,ברוריה,
Q175402,teachers,אביו רבי משה גינז,רבי משה גינז,
Q175402,teachers,רבי נתן נטע פרנקפורטר ממטרסדורף,רבי נתן נטע פרנקפורטר ממטרסדורף,
Q175402,teachers,רבי אשר למיל מגלוגא,רבי אשר למיל מגלוגא,
Q175402,family,רבי משה גינז,רבי משה גינז,
Q175402,family,"רבי משה סופר, החתם סופר",רבי משה סופר,Q15995995: משה סופר (ערלוי) (acharonei_zmanenu) | Q707498: החתם סופר (acharonim)
Q188794,teachers,עמוס הנביא,עמוס הנביא,
Q188794,students,מיכה הנביא,מיכה הנביא,
Q188794,family,אמוץ,אמוץ,
Q188794,family,"שאר ישוב, עמנו אל ומהר שלל חש בז",שאר ישוב,
Q191787,teachers,ברוך בן נריה,ברוך בן נריה,
Q191787,family,שריה הכהן,שריה הכהן,
Q191787,family,"רבי אלעזר בן עזריה, דור עשירי לו",רבי אלעזר בן עזריה,
Q1949189,students,"רבי יהושע ולק בעל הסמ""ע",רבי יהושע ולק,
Q1949189,students,רבי דוד גנז בעל צמח דוד,רבי דוד גנז,
Q1949189,students,"רבי אברהם הורוביץ אבי השל""ה","רבי אברהם הורוביץ אבי השל""ה",
Q1949189,family,"רבי ישראל איסרל, מראשי הקהילה בקרקוב",רבי ישראל איסרל,
Q2637350,teachers,אביו רבי יוסף דב הלוי סולובייצ'יק (הבית הלוי),רבי יוסף דב הלוי סולובייצ'יק,Q1973117: יוסף דוב הלוי סולובייצ'יק (בית הלוי) (acharonim) | Q374965: יוסף דוב הלוי סולובייצ'יק (בוסטון) (acharonei_zmanenu) | Q4891242: יוסף דוב הלוי סולובייצ'יק (ירושלים) (acharonei_zmanenu)
Q2637350,family,"רבי יוסף דב הלוי סולובייצ'יק, בעל הבית הלוי",רבי יוסף דב הלוי סולובייצ'יק,Q1973117: יוסף דוב הלוי סולובייצ'יק (בית הלוי) (acharonim) | Q374965: יוסף דוב הלוי סולובייצ'יק (בוסטון) (acharonei_zmanenu) | Q4891242: יוסף דוב הלוי סולובייצ'יק (ירושלים) (acharonei_zmanenu)
Q2637350,family,"רבי רפאל שפירא, חתן הנצי""ב",רבי רפאל שפירא,Q20202510: רפאל שפירא (הנכד) (acharonei_zmanenu) | Q2899417: רפאל שפירא (acharonei_zmanenu)
Q26456,family,רבי יצחק,רבי יצחק,
Q26456,family,"יוכבד, מרים ורחל",יוכבד,
Q26456,family,"הרשב""ם ורבנו תם","הרשב""ם ורבנו תם",
Q2664632,family,חוניו בן ידוע,חוניו בן ידוע,
Q2664632,family,שמעי וחוניו,שמעי וחוניו,
Q270670,students,רבי יוסף בר יעקב ממורויל,רבי יוסף בר יעקב ממורויל,
Q270670,family,"רבי יצחק, אף הוא משורר",רבי יצחק,
Q279359,teachers,"רבי דוד קצנלבוגן, רבה של קיידאן",רבי דוד קצנלבוגן,
Q279359,family,רבי שלמה זלמן,רבי שלמה זלמן,Q4295159: סולומון מינור (acharonei_zmanenu) | Q6670168: שלמה זלמן מוולוז'ין (acharonim)
Q279359,family,"רבי אברהם, בעל מעלות התורה",רבי אברהם,
Q299200,students,חלפון הלוי מדמיאט,חלפון הלוי מדמיאט,
Q304924,family,כייליל,כייליל,
Q304924,family,"חומא, נינתו של רב יהודה",חומא,
Q305760,students,רב כהנא,רב כהנא,Q2603832: רב כהנא מפום נהרא (amoraim) | Q6738441: רב כהנא (הראשון) (amoraim) | Q7296281: רב כהנא (השני) (amoraim) | Q7296283: רב כהנא (הרביעי) (amoraim)
Q305760,students,רב אדא בר אהבה,רב אדא בר אהבה,Q1410699: רב אדא בר אהבה (amoraim) | tta-333362: רב אדא בר אהבה (None)
Q310821,teachers,רבי יהושע בן חנניה,רבי יהושע בן חנניה,
Q310821,family,רחל בת כלבא שבוע,רחל בת כלבא שבוע,
Q310821,family,רבי יהושע,רבי יהושע,
Q319062,teachers,"אחיה השילוני, כמסורת החסידות",אחיה השילוני,
Q319062,students,רבי מאיר מפרמישלאן,רבי מאיר מפרמישלאן,Q7024065: מאיר מפרמישלאן (acharonim) | sh-519: רבי מאיר מפרמישלאן (acharonim)
Q319062,family,רבי אליעזר,רבי אליעזר,
Q319062,family,רבי צבי,רבי צבי,
Q319062,family,אדל,אדל,
Q319219,students,יונתן בן עוזיאל,יונתן בן עוזיאל,
Q319219,students,בית הלל,בית הלל,
Q319219,family,שבנא,שבנא,
Q319219,family,מבית דוד המלך,מבית דוד המלך,
Q328748,teachers,עלי בן יהודה הנזיר,עלי בן יהודה הנזיר,
Q328748,teachers,אבו כת'יר יחיי בן זכריה מטבריה (בתרגום המקרא),אבו כת'יר יחיי בן זכריה מטבריה,
Q328748,family,רבי יוסף אלפיומי,רבי יוסף אלפיומי,
Q328748,family,רב שארית אלוף,רב שארית אלוף,
Q339509,family,"רבי שלמה סאגיס, ראש ישיבה בצפת",רבי שלמה סאגיס,
Q355455,teachers,רבי נתן בן מאיר,רבי נתן בן מאיר,
Q355455,students,רבי דוד בונפיד,רבי דוד בונפיד,
Q355455,students,"רבי שמואל הסרדי, בעל ספר התרומות",רבי שמואל הסרדי,
Q355455,family,רבי שלמה,רבי שלמה,
Q356149,family,רב חנניה גאון,רב חנניה גאון,
Q356149,family,רב יהודה גאון,רב יהודה גאון,
Q363513,students,רבי דוד גנז,רבי דוד גנז,
Q363513,students,"חתנו רבי יצחק כ""ץ","רבי יצחק כ""ץ",
Q363513,family,רבי בצלאל מוורמייזא,רבי בצלאל מוורמייזא,
Q380427,students,רב,רב,
Q380427,students,רבי ינאי,רבי ינאי,Q2124910: רבי ינאי (amoraim) | sh-261: יוחנן הורקנוס (zugot)
Q380427,family,רבי שמעון ברבי,רבי שמעון ברבי,
Q380427,family,מצאצאי הלל הזקן,מצאצאי הלל הזקן,
Q381397,teachers,חותנו רבי יוסף יצחק שניאורסון מליובאוויטש,רבי יוסף יצחק שניאורסון מליובאוויטש,Q5371030: יוסף יצחק שניאורסון (אוורוטש) (acharonim) | Q966359: יוסף יצחק שניאורסון (acharonei_zmanenu)
Q381397,family,"רבי יוסף יצחק שניאורסון, האדמו""ר השישי לבית חב""ד",רבי יוסף יצחק שניאורסון,Q5371030: יוסף יצחק שניאורסון (אוורוטש) (acharonim) | Q966359: יוסף יצחק שניאורסון (acharonei_zmanenu)
Q381397,family,הרבנית חיה מושקא שניאורסון,הרבנית חיה מושקא שניאורסון,
Q446653,students,רבי אביגדר נבנצל,רבי אביגדר נבנצל,
Q446653,students,רבי ישראל מאיר לאו,רבי ישראל מאיר לאו,
Q446653,students,רבי יצחק יעקב פוקס,רבי יצחק יעקב פוקס,
Q446653,students,רבי ישראל גנס,רבי ישראל גנס,
Q446653,family,"רבי אברהם דב אוירבך, אב""ד טבריה",רבי אברהם דב אוירבך,Q6650108: אברהם דב אוירבך (טבריה) (acharonei_zmanenu) | Q6693936: אברהם דב אוירבך (ירושלים) (acharonei_zmanenu)
Q467138,students,בית שמאי,בית שמאי,
Q467148,students,רבי אלישע גאליקו,רבי אלישע גאליקו,
Q467148,family,רבי אפרים בן רבי יוסף,רבי אפרים בן רבי יוסף,
Q467172,students,רבי שלמה משה עמאר,רבי שלמה משה עמאר,
Q467172,students,בנו רבי יצחק יוסף,רבי יצחק יוסף,
Q467172,students,בנו רבי דוד יוסף,רבי דוד יוסף,
Q467172,family,"רבי יצחק יוסף, מחבר ילקוט יוסף",רבי יצחק יוסף,
Q467172,family,"רבי דוד יוסף, מחבר הלכה ברורה",רבי דוד יוסף,
Q467172,family,"רבי אברהם יוסף, הרב הראשי הספרדי של חולון",רבי אברהם יוסף,
Q472619,teachers,רבי יהושע העשיל בעל מגיני שלמה,רבי יהושע העשיל,
Q472619,family,"רבי שמעון וולף, מעשירי וילנה ונכד בתו של הרמ""א",רבי שמעון וולף,
Q472619,family,"רבי יונה נחום הכהן, אב""ד סוכטשוב",רבי יונה נחום הכהן,
Q472619,family,"רבי משה, רבה של קרוטושין",רבי משה,
Q477541,family,רב ששנא,רב ששנא,
Q523491,students,בנו רבי יעקב,רבי יעקב,
Q523491,family,רבי יעקב,רבי יעקב,
Q557405,teachers,רבי יהושע בן חנניה,רבי יהושע בן חנניה,
Q557405,students,רבי שמעון בן יהודה,רבי שמעון בן יהודה,
Q557405,students,רבי יונתן בן עסמיי,רבי יונתן בן עסמיי,
Q557405,family,יוחאי,יוחאי,
Q6577515,family,אלקנה,אלקנה,
Q6577515,family,חנה,חנה,
Q6577515,family,יואל ואביה,יואל ואביה,
Q6577515,family,הימן המשורר,הימן המשורר,
Q707498,teachers,רבי משולם זלמן חסיד,רבי משולם זלמן חסיד,
Q707498,family,רבי עקיבא איגר,רבי עקיבא איגר,Q1095866: עקיבא איגר (הראשון) (acharonim) | Q175402: עקיבא איגר (acharonim)
Q707498,family,"רבי שמעון סופר, בעל מכתב סופר, אב""ד קרקוב",רבי שמעון סופר,Q2895822: שמעון סופר (מכתב סופר) (acharonim) | Q2903634: שמעון סופר (התעוררות תשובה) (acharonei_zmanenu)
Q722525,teachers,אביו רבי יחיאל,רבי יחיאל,
Q722525,students,בנו רבי יעקב בעל הטורים,רבי יעקב,
Q722525,students,בנו רבי יהודה,רבי יהודה,
Q722525,students,בן אחותו רבי משה בן אלעזר הכהן,רבי משה בן אלעזר הכהן,
Q722525,family,רבי יחיאל בן אורי,רבי יחיאל בן אורי,
Q722525,family,רבי יעקב בעל הטורים,רבי יעקב,
Q722525,family,"רבי יהודה, שמילא את מקומו בטולדו",רבי יהודה,
Q723557,teachers,"אביו, אבוה דשמואל",אביו,
Q723557,students,רב יהודה,רב יהודה,Q1391585: רבי יהודה (tannaim) | Q359777: רב יהודה (amoraim)
Q733140,teachers,רבי נחומקה מהורדנא,רבי נחומקה מהורדנא,
Q733140,students,רבי חיים משה ליב שניידר,רבי חיים משה ליב שניידר,
Q733140,students,"חתנו רבי צבי הירש לוינסון, מנהל הישיבה",רבי צבי הירש לוינסון,
Q733140,family,רבי אריה זאב,רבי אריה זאב,
Q733140,family,רבי אהרן הכהן קגן,רבי אהרן הכהן קגן,
Q733140,family,רבי צבי הירש לוינסון,רבי צבי הירש לוינסון,
Q733660,students,רבי יהושע בן חנניה,רבי יהושע בן חנניה,
Q733660,students,רבי יוסי הכהן,רבי יוסי הכהן,
Q733660,family,רבי יהודה,רבי יהודה,Q1391585: רבי יהודה (tannaim) | Q359777: רב יהודה (amoraim)
Q742620,students,רפרם,רפרם,Q6521345: רפרם (אמורא בדור השישי) (amoraim) | Q7282718: רפרם (אמורא בדור השביעי) (amoraim)
Q742620,family,רמי בר אבא,רמי בר אבא,Q4747240: רמי בר אבא (amoraim) | Q7289539: רמי בר אבא (השני) (amoraim)
Q9077,students,אלעזר הכהן,אלעזר הכהן,
Q9077,students,פינחס,פינחס,
Q9077,family,עמרם ויוכבד,עמרם ויוכבד,
Q9077,family,אהרן ומרים הנביאה,אהרן ומרים הנביאה,
Q9077,family,צפורה בת יתרו,צפורה בת יתרו,
Q9077,family,גרשום ואליעזר,גרשום ואליעזר,
Q944289,teachers,רבי יעקב בן שמשון,רבי יעקב בן שמשון,
Q944289,students,רבי חיים בן חננאל הכהן,רבי חיים בן חננאל הכהן,
Q944289,family,"יוכבד בת רש""י","יוכבד בת רש""י",
Q944289,family,"רש""י","רש""י","Q26456: רש""י (rishonim) | Q319902: יצחק אברבנאל (rishonim)"
Q982170,students,רבי יעקב סקילי,רבי יעקב סקילי,
Q982170,family,"רבי יהודה, שעמד אחריו בראש הישיבה",רבי יהודה,
Q982194,students,רב אלחנן בן שמריה,רב אלחנן בן שמריה,
sh-435,students,"מהר""מ אלשיך","מהר""מ אלשיך",
sh-435,students,"ר""ש אלקבץ","ר""ש אלקבץ",
tta-1710700,teachers,רב,רב,
tta-1710700,teachers,רבי יוחנן,רבי יוחנן,Q1397565: רבי יוחנן (amoraim) | tta-1706748: ר' יוחנן (tannaim)
