source_key,name,era,died_ce,candidates
toldot_tannaim:332920,אבא,tannaim,,"Q7221758: רבי אבא (amoraim, None) | Q305760: רב (אמורא) (amoraim, 247)"
toldot_tannaim:333706,אלעזר,,,"Q746845: רבי אלעזר ברבי שמעון (amoraim, None) | Q739520: רבי אלעזר בן שמוע (tannaim, None)"
toldot_tannaim:332922,ר' אבא,,,"Q7221758: רבי אבא (amoraim, None) | Q305760: רב (אמורא) (amoraim, 247)"
toldot_tannaim:333232,ר' אבהו,,,"Q6854677: רב אבהו (amoraim, None) | Q305830: רבי אבהו (amoraim, 320) | Q18422795: אבימי בריה דרבי אבהו (amoraim, None)"
toldot_tannaim:333234,ר' אבהו,,,"Q6854677: רב אבהו (amoraim, None) | Q305830: רבי אבהו (amoraim, 320) | Q18422795: אבימי בריה דרבי אבהו (amoraim, None)"
toldot_tannaim:333233,רב אבהו,,,"Q6854677: רב אבהו (amoraim, None) | Q305830: רבי אבהו (amoraim, 320) | Q18422795: אבימי בריה דרבי אבהו (amoraim, None)"
toldot_tannaim:333590,רב אידי בר אבין,,,"Q6605745: רב אידי בר אבין (השני) (amoraim, None) | Q10971640: רב אידי בר אבין (amoraim, None)"
toldot_tannaim:383837,רב הונא,,,"Q1794530: רב הונא (amoraim, 296) | Q12411198: רב הונא (הכהן) (amoraim, None)"
toldot_tannaim:383840,רב הונא,,,"Q1794530: רב הונא (amoraim, 296) | Q12411198: רב הונא (הכהן) (amoraim, None)"
toldot_tannaim:383838,רב הונא,,,"Q1794530: רב הונא (amoraim, 296) | Q12411198: רב הונא (הכהן) (amoraim, None)"
toldot_tannaim:383839,רב הונא,,,"Q1794530: רב הונא (amoraim, 296) | Q12411198: רב הונא (הכהן) (amoraim, None)"
toldot_tannaim:399613,רב המנונא,,,"Q6854830: רב המנונא (השני) (amoraim, None) | Q6809185: רב המנונא (השלישי) (amoraim, None)"
toldot_tannaim:399615,רב המנונא,,,"Q6854830: רב המנונא (השני) (amoraim, None) | Q6809185: רב המנונא (השלישי) (amoraim, None)"
toldot_tannaim:399616,רב המנונא,,,"Q6854830: רב המנונא (השני) (amoraim, None) | Q6809185: רב המנונא (השלישי) (amoraim, None)"
toldot_tannaim:1710754,ר' חייא,,,"Q2904193: רבי חייא (amoraim, 230) | Q2160640: חייא אלדאודי (rishonim, 1154)"
toldot_tannaim:335924,ר' כהנא,,,"Q7296283: רב כהנא (הרביעי) (amoraim, None) | Q7296281: רב כהנא (השני) (amoraim, None) | Q6738441: רב כהנא (הראשון) (amoraim, None) | Q2603832: רב כהנא מפום נהרא (amoraim, None)"
toldot_tannaim:335925,רב כהנא,,,"Q7296283: רב כהנא (הרביעי) (amoraim, None) | Q7296281: רב כהנא (השני) (amoraim, None) | Q6738441: רב כהנא (הראשון) (amoraim, None) | Q2603832: רב כהנא מפום נהרא (amoraim, None)"
toldot_tannaim:335926,רב כהנא,,,"Q7296283: רב כהנא (הרביעי) (amoraim, None) | Q7296281: רב כהנא (השני) (amoraim, None) | Q6738441: רב כהנא (הראשון) (amoraim, None) | Q2603832: רב כהנא מפום נהרא (amoraim, None)"
toldot_tannaim:1710104,רמי בר אבא,,,"Q7289539: רמי בר אבא (השני) (amoraim, None) | Q4747240: רמי בר אבא (amoraim, None)"
toldot_tannaim:1710105,רמי בר אבא,,,"Q7289539: רמי בר אבא (השני) (amoraim, None) | Q4747240: רמי בר אבא (amoraim, None)"
toldot_tannaim:1710118,רפרם,,,"Q7282718: רפרם (אמורא בדור השביעי) (amoraim, 443) | Q6521345: רפרם (אמורא בדור השישי) (amoraim, None)"
seder_hadorot_segron:69,בנימין,mikra,-1442,"tta-380564: ר' בנימין (None, None) | tta-380560: בנימין (None, None)"
seder_hadorot_segron:360,רבי אברהם בר יצחק,rishonim,1189,"Q330821: אברהם אבן דאוד (rishonim, 1180) | Q330769: אברהם בן דוד מפושקירה (rishonim, 1198)"
seder_hadorot_segron:526,רבי יעקב יוסף עמדין,acharonim,1776,"Q6119534: יעקב אבן צור (acharonim, 1752) | Q473756: יעקב עמדין (acharonim, 1776)"
seder_hadorot_segron:552,רבי מנחם מנדל מויטסבק,acharonim,1788,"Q7216757: מנחם מנדל הגר (קוסוב) (acharonim, 1825) | Q7032092: מנחם מנדל מפרמישלן (acharonim, 1770) | Q2916468: מנחם מנדל מרימנוב (acharonim, 1815) | Q2066799: מנחם מנדל מוויטבסק (acharonim, 1788) | Q12409284: מנחם מנדל משקלוב (acharonim, 1827)"
