id,name,era,died_ce,description,categories
Q317517,יוסף איש רוסהיים,acharonim,1554,רב גרמני,רבנים גרמנים | יהודי החצר | רבנים אשכנזים | יהדות אלזס | ילידי 1476 | נפטרים ב-1554 | יהודי אשכנז במאה ה-15 | יהודי אשכנז במאה ה-16
Q25488979,יוחנן טרייוויש (איטליה),acharonim,1557,רב איטלקי,רבנים איטלקים | פדובה: רבנים | ילידי 1490 | נפטרים ב-1557
Q6816418,מנחם בן משה הבבלי,acharonim,1571,,חברון: רבנים | משפחת רקנאטי | נפטרים ב-1571 | אנשי עליות קדומות לארץ ישראל | עולים לארץ ישראל במאה ה-16
Q1708321,יוסף הכהן,acharonim,1577,היסטוריון יהודי,רופאים יהודים איטלקים | היסטוריונים יהודים איטלקים | היסטוריונים יהודים צרפתים | היסטוריונים מימי הביניים | רופאים איטלקים במאה ה-16 | יהודי איטליה במאה ה-16 | ילידי 1496
Q793598,עזריה מן האדומים,acharonim,1578,רב איטלקי,רבנים איטלקים | היסטוריונים יהודים איטלקים | מחלוקות ופולמוסים ביהדות | מנטובה: רבנים | פרארה: רבנים | ילידי 1513 | נפטרים ב-1578
Q7068360,מנחם מנדל אביגדורש,acharonim,1599,"רב בקהילות שברשין, לודמיר, קראקא",רבנים פולנים | קרקוב: רבנים | לודמיר: רבנים | אבות בתי דין | יהודים הקבורים בבית הקברות היהודי העתיק בקרקוב | נפטרים ב-1599
Q467387,רבקה בת מאיר טיקטינר,acharonim,1605,סופרת יידיש,סופרים כותבי יידיש | משוררים כותבי יידיש | נשים ביהדות | רבניות | דרשניות יהודיות | יהודים הקבורים בבית הקברות היהודי העתיק בפראג | נשים פולניות במאה ה-16 | משוררות המאה ה-16 | סופרות המאה ה-16 | נשים יהודיות במאה ה-16 | ילידות המאה ה-16 | יהודי בוהמיה במאה ה-16
Q30526791,אבטליון בן שלמה מקונסיליו,acharonim,1616,רב איטלקי במאה ה-16,ילידי 1540 | רבנים איטלקים | נפטרים ב-1616
Q6004580,עמנואל אבוהב,acharonim,1628,רב איטלקי,יהדות ספרד | יהדות איטליה | אנשי עליות קדומות לארץ ישראל | עולים לארץ ישראל במאה ה-17 | ילידי 1555 | נפטרים ב-1628
Q92542227,אפרים זלמן שור,acharonim,1633,"מגדולי הרבנים בפולין, מחבר ספר 'תבואת שור'",רבנים פולנים | ברסט: רבנים | לובלין: רבנים | משפחת שור | אבות בתי דין | נפטרים ב-1633
Q4669140,אברהם רפפורט,acharonim,1651,רב פולני,רבנים פולנים | לבוב: רבנים | ילידי 1584 | נפטרים ב-1651 | הממונים בגולה על מעות ארץ ישראל
Q6575412,דוד בן יוסף פרדו,acharonim,1657,רב הולנדי,ילידי 1591 | רבנים הולנדים | סלוניקי: יהודים | הולנדים שנפטרו ב-1657
Q20501827,"אריה לייב ""הארוך"" מקראקא",acharonim,1671,"רב פולני במאה ה-17, רבן של פשמישל וקראקא",קרקוב: רבנים | רבנים פולנים | יהודים הקבורים בבית הקברות היהודי העתיק בקרקוב | משפחת רבי אריה לייב הארוך | פשמישל: רבנים | אבות בתי דין | נפטרים ב-1671
Q1677539,יהודה לאון טמפלו,acharonim,1675,"רב הולנדי, יוצר דגם בית המקדש",רבנים הולנדים | יהודים שמוצאם ממגורשי ספרד | אמסטרדם: רבנים | ילידי 1602 | נפטרים ב-1675
Q96743656,יצחק חריף,acharonim,1682,רב אשכנזי,קרקוב: רבנים | אפטא: רבנים | יהודים הקבורים בבית הקברות היהודי העתיק בקרקוב | אבות בתי דין | רבנים פולנים | נפטרים ב-1682
Q7029070,יעקב צהלון,acharonim,1693,"רופא, רב וסופר יהודי-איטלקי",רופאים יהודים איטלקים | סופרים יהודים איטלקים | רבנים איטלקים | פרארה: רבנים | סופרים כותבי עברית | משוררים יהודים איטלקים | משוררים כותבי עברית | אנציקלופדיסטים יהודים | אישים שעל שמם בתי חולים בישראל | אישים שעל שמם שכונות בישראל | רופאים איטלקים במאה ה-17 | ילידי 1630
Q4668811,אברהם הכהן פימינטיל,acharonim,1697,רב הולנדי,רבנים הולנדים | המבורג: אישים | אמסטרדם: רבנים | ילידי 1627 | נפטרים ב-1697
Q10303764,יצחק אבנדנה,acharonim,1699,מלומד ורב יהודי באנגליה במאה ה-17,רבנים בריטים | לונדון: אישים | אמסטרדם: אישים | סגל אוניברסיטת קיימברידג' | ילידי 1640 | נפטרים ב-1699
Q25714610,יצחק לופיס,acharonim,1700,רב מארם צובא מן המאה ה-17,רבני ארם צובא
Q6915970,משה ונטורה (סיליסטרה),acharonim,1700,רב בולגרי,רבנים בולגרים | יהודים במאה ה-17 | האימפריה העות'מאנית: רבנים | נפטרים במאה ה-17
Q4662571,אהרן בן בנימין וולף,acharonim,1721,רב גרמני (1670–1721),ברלין: רבנים | פרנקפורט על האודר: רבנים | גרמנים שנולדו במאה ה-17 | נפטרים ב-1721
Q6283071,יוסף פיאמיטה,acharonim,1721,רב איטלקי,אנקונה: רבנים | נפטרים ב-1721
Q25493274,יהודה בריאל,acharonim,1722,רב איטלקי,רבנים איטלקים | שבתאות | מנטובה: רבנים | רבנים אשכנזים | ילידי 1643 | נפטרים ב-1722
Q6076130,יצחק קנטריני,acharonim,1723,רב איטלקי,רבנים איטלקים | פדובה: רבנים | משוררים יהודים איטלקים | רופאים איטלקים במאה ה-17 | רופאים איטלקים במאה ה-18 | ילידי 1644 | נפטרים ב-1723
Q4668813,אברהם כהן (זנטה),acharonim,1729,"רופא, רב, פילוסוף דתי ומשורר יהודי מזנטה",בוגרי אוניברסיטת פדובה | משוררים יהודים איטלקים | משוררים יהודים יוונים | משוררים כותבי עברית | רופאים יהודים יוונים | רופאים יהודים איטלקים | פילוסופים יהודים איטלקים | פילוסופים יהודים יוונים | ילידי 1670 | נפטרים ב-1729
Q140737670,אברהם בן יהודה ברלין,acharonim,1730,"רב אשכנזי, אב״ד הלברשטאט ורבה הראשי של הקהילה האשכנזית באמסטרדם (נפטר ב־1730)",רבנים גרמנים | הלברשטאדט: רבנים | רבנים הולנדים | אמסטרדם: רבנים | אבות בתי דין | נפטרים ב-1730
Q25453564,יצחק שולהוף,acharonim,1733,רב הונגרי מבוהמיה יליד פראג,הונגריה: היסטוריה | רבנים הונגרים | רבנים צ'כים | פראג: אישים | בודה (עיר): אישים | ילידי המאה ה-17 | נפטרים ב-1733
Q16132273,אלכסנדר סנדר שור,acharonim,1737,התבואות שור,רבנים פולנים | משפחת שור | ז'ובקבה: רבנים
Q7410386,שמשון מורפורגו,acharonim,1740,רב איטלקי (1681–1740),רבנים איטלקים | פדובה: רבנים | אנקונה: רבנים | שבתאות | ילידי 1681 | נפטרים ב-1740
Q2390246,אברהם בן אברהם,acharonim,1749,גר יהודי במזרח אירופה,משפחת פוטוצקי | אגדות יהודיות | יהודים שהוצאו להורג | אישים שהוצאו להורג בפולין | גרים | ילידי 1720 | נפטרים ב-1749
Q55649340,בנימין קזיס,acharonim,1749,,אדירנה: רבנים | אנשי עליות קדומות לארץ ישראל | יהודים הקבורים בבית הקברות בצפת | איסטנבול: רבנים | צפת: רבנים | האימפריה העות'מאנית: רבנים | עולים לארץ ישראל במאה ה-18 | ילידי 1680 | נפטרים ב-1749
Q131731215,שמואל הילמן,acharonim,1764,מרבני אשכנז במאה ה-18,מץ: רבנים | מנהיים: רבנים | נפטרים ב-1764
Q94859399,פינחס קצנלנבוגן,acharonim,1767,,רבנים אשכנזים | פירט: רבנים | לייפניק: רבנים | רבנים מוראבים | ילידי 1691 | נפטרים ב-1767 | כותבי זיכרונות | כותבי אוטוביוגרפיה
Q1947396,מרדכי הלברשטאדט,acharonim,1769,רב גרמני,רבנים גרמנים | ילידי 1686 | נפטרים ב-1769
Q6989286,ישראל מזמושץ',acharonim,1772,רב בגליציה,ילידי 1700 | רבנים פולנים | רבנים גליציאנים | משכילים מוקדמים | נפטרים ב-1772
Q139311060,גדליה משה מלאשיץ,acharonim,1773,רב בליטא ובצ'כיה מחבר הספר חמד משה,רבנים
Q6119155,יעקב רפאל סרוואל,acharonim,1782,רב איטלקי,רבנים איטלקים
Q2902581,שמחה קאלימאני,acharonim,1784,רב וניצאי,רבנים איטלקים | ונציה: רבנים | מחזאים יהודים איטלקים | ילידי 1699 | נפטרים ב-1784
Q12403351,אברהם אופנהיים,acharonim,1786,,מנהיים: רבנים | אמסטרדם: אישים | גרמנים שנפטרו ב-1786
Q25492367,מרדכי זאב אורנשטיין,acharonim,1787,רב גליציאני,לבוב: רבנים | לודמיר: רבנים | סטנוב: רבנים | משפחת אורנשטיין (לבוב)
Q118913218,ישראל בנימין באסאן,acharonim,1790,רב ומשורר איטלקי (1701–1790),משוררים יהודים איטלקים | רג'ו אמיליה: רבנים | מוהלים | איטלקים שנולדו ב-1701 | נפטרים ב-1790
Q16132216,יצחק יוסף תאומים,acharonim,1793,רב הערים סלוצק קראקא וברסלאו,רבנים פולנים | סלוצק: רבנים | קרקוב: רבנים | ברסלאו: רבנים | משפחת תאומים-פרנקל | אבות בתי דין | ילידי 1722 | נפטרים ב-1793
Q7427292,שאול ברלין,acharonim,1794,רב גרמני,רבנים גרמנים | פרנקפורט על האודר: רבנים | משכילי ברלין | רבנים אשכנזים | זייפנים | זוכי פרס לעובדים בתחום החינוך העברי | גרמנים שנולדו ב-1740 | גרמנים שנפטרו ב-1794
Q6509202,לאה הורוביץ,acharonim,1795,מלומדת יהודיה־פולנית,ויקיפדיה - ערכים שנוצרו באנציקלופדיה היהודית | משפחת הורוביץ | יהדות אשכנז | נשים יהודיות | רבניות | סופרות כותבות יידיש | משוררים כותבי יידיש | פרוטו-פמיניזם
Q6554936,יצחק גראנבום,acharonim,1807,רב הולנדי,רבנים הולנדים | גרים | ילידי 1738 | נפטרים ב-1807 | אמסטרדם: רבנים
Q113288207,אברהם אלקלעי,acharonim,1811,"רב בדופניצה, בולגריה, בשלהי המאה ה־18",רבנים בולגרים | ילידי 1750 | נפטרים ב-1811
Q87739,ברוך ייטלס,acharonim,1813,,משכילי פראג | פראג: רבנים | משפחת ייטלס | יהודים הקבורים בבית הקברות היהודי בפראג-ז'יז'קוב | ילידי 1762 | נפטרים ב-1813
Q6726127,אריה ליב ברלין,acharonim,1814,רב גרמני (1737–1814),רבנים גרמנים | פירט: רבנים | במברג: רבנים | אבות בתי דין | גרמנים שנפטרו ב-1814
Q131771069,ברוך עוזר,acharonim,1822,"רב בהמבורג, מגדולי הלוחמים ברפורמים","המבורג: אישים | רבני אה""ו | רבנים גרמנים | ילידי 1742 | נפטרים ב-1822"
Q6290336,יהושע צייטלין,acharonim,1822,רב רוסי,האימפריה הרוסית: אישים | אנשי עסקים יהודים בלארוסים | רבנים בלארוסים | יהודים רוסים | רבנים רוסים | ילידי 1742 | נפטרים ב-1822
Q6606590,יום טוב דאנון,acharonim,1823,"מרבני איזמיר, הראשון לציון",ילידי 1741 | האימפריה העות'מאנית: רבנים | ראשונים לציון | אנשי עליות קדומות לארץ ישראל | יהודים הקבורים בהר הזיתים: חלקת הספרדים | עולים לארץ ישראל בשנים 1800–1881 | נפטרים ב-1823
Q16581457,נפתלי הירש קצנלנבוגן (אלזס),acharonim,1823,,רבנים אשכנזים | רבנים צרפתים | אלזס | גלוגוב: רבנים | פרנקפורט על האודר: רבנים | חברי הסנהדרין של פריז | ילידי 1749 | נפטרים ב-1823
Q4829498,אברהם חיים אופנהיים,acharonim,1824,רב הונגרי,רבנים הונגרים | ילידי 1796 | נפטרים ב-1824
Q7050321,מנחם מנדל שטיינהארט,acharonim,1825,רב גרמני במאות ה-18-19,רבנים גרמנים | ילידי 1768 | נפטרים ב-1825
Q1098225,ישראל ורמן,acharonim,1826,רב הונגרי,יהודים הונגרים | בודפשט: רבנים | ילידי 1755 | נפטרים ב-1824
Q17352294,מישל זליגמן,acharonim,1829,רב צרפתי,רבנים צרפתים | פריז: רבנים | חברי הסנהדרין של פריז | ילידי 1739 | נפטרים ב-1829
Q36695548,יעקב מאיר (אלזס),acharonim,1830,רב ראשי של אלזס ושל חבל הריין,ילידי 1739 | רבנים צרפתים | שטרסבורג: רבנים | חברי הסנהדרין של פריז | צרפתים שנפטרו ב-1830
Q6920823,יהודה ליב מיזס,acharonim,1831,מאנשי תנועת ההשכלה היהודית בגליציה,ילידי 1798 | נפטרים ב-1831 | משכילי גליציה
Q330534,אברהם ריס (רב),acharonim,1834,רב שווייצרי,רבנים שווייצרים | אלזס: אישים | ילידי 1763 | נפטרים ב-1834
Q14629039,אשר לב,acharonim,1837,רב גרמני,רבנים גרמנים | ילידי 1754 | גרמנים שנפטרו ב-1837 | קרלסרוהה: אישים
Q125568806,גרשון לוי,acharonim,1839,רב בויזנברון,רבנים גרמנים | אנשי חינוך יהודים גרמנים | גרמנים שנולדו ב-1765 | גרמנים שנפטרו ב-1839
Q6628727,חיים אוירבך,acharonim,1840,,משפחת חיים אוירבך | רבנים פולנים | לונטשיץ: רבנים
Q55889905,רפאל אהרן מונסונייגו,acharonim,1840,רב,פאס: רבנים | אבות בתי דין | נפטרים ב-1840
Q330631,אברהם שטרן (ממציא),acharonim,1842,ממציא יהודי פולני,רבנים פולנים | משכילים | צנזורים | מתמטיקאים יהודים פולנים | ממציאים יהודים פולנים | ורשה: אישים | ילידי 1762 | נפטרים ב-1842
Q788887,צבי הירש באק,acharonim,1842,רב הונגרי,רבנים הונגרים | ילידי 1747 | נפטרים ב-1842
Q7048439,שמשון בלוך,acharonim,1845,משכיל מגליציה (1784–1845),יוצרים בעברית | משכילי גליציה | ילידי 1784 | נפטרים ב-1845
Q4138675,מרדכי אהרן גינצבורג,acharonim,1846,משכיל וסופר עברי,ערכים שבהם תבנית בריטניקה אינה מתאימה | כותבי אוטוביוגרפיה יהודים | סופרים יהודים ליטאים | יוצרים בעברית | סופרים כותבי עברית | מתרגמים לעברית | מתרגמים מגרמנית לעברית | וילנה: אישים | משכילי וילנה | סלנט: אישים | ילידי 1795 | נפטרים ב-1846
Q6909608,מרדכי שמואל גירונדי,acharonim,1852,רב איטלקי,פדובה: רבנים | ביוגרפים יהודים | ביבליופילים | ילידי 1799 | נפטרים ב-1852
Q4669104,אברהם נוידא,acharonim,1854,רב צ'כי,רבנים אוסטרים | ילידי 1812 | נפטרים ב-1854
Q1673513,יצחק שמואל רג'יו,acharonim,1855,רב איטלקי,ערכים שבהם תבנית בריטניקה אינה מתאימה | רבנים איטלקים | גוריציה: רבנים | חכמת ישראל: אישים | משוררים כותבי עברית | משוררים יהודים איטלקים | פילוסופים יהודים איטלקים | משכילים | ילידי 1784 | נפטרים ב-1855
Q18121733,משה דוד אשכנזי,acharonim,1856,,צפת: רבנים | יהודים הקבורים בבית הקברות בצפת | אנשי עליות קדומות לארץ ישראל | רבנים הונגרים | אבות בתי דין | עולים לארץ ישראל בשנים 1800–1881 | ילידי 1780 | נפטרים ב-1856
Q118186101,נפתלי בנט (רב),acharonim,1857,רב. 1789-1857,רבנים מוראבים | נפטרים ב-1857
Q28807060,צבי הירש גויטיין,acharonim,1859,,רבנים הונגרים | אבות בתי דין | הונגרים שנולדו ב-1805 | נפטרים ב-1859
Q7186365,פנחס מנדל היילפרין,acharonim,1863,,ילידי 1801 | נפטרים ב-1863
Q103140,מיכאל זקש,acharonim,1864,רב גרמני (1808–1864),רבנים גרמנים | ברלין: רבנים | גרמנים שנולדו ב-1808 | גרמנים שנפטרו ב-1864
Q94521,יצחק מנהיימר,acharonim,1865,,יהודים דנים | חברי האגודה לתרבות ולמדע של היהודים | וינה: אישים | אישים הקבורים בחלקות היהודיות של בית הקברות המרכזי בווינה | קופנהגן: אישים | ילידי 1793 | נפטרים ב-1865
Q86004228,יהודה אידל שרשבסקי,acharonim,1866,,משכילי וילנה | ליטאים שנולדו במאה ה-19 | נפטרים ב-1866
Q788090,יוסף באך,acharonim,1866,רב הונגרי,רבנים הונגרים | אובודה: אישים | מורים יהודים במאה ה-19 | ילידי 1784 | נפטרים ב-1866
Q15236222,מוריס יעקב רפאל,acharonim,1868,,מהגרים מבריטניה לארצות הברית | רבנים בריטים | ניו יורק: רבנים | עבדות | אמריקאים שנולדו ב-1798 | אמריקאים שנפטרו ב-1868
Q110967039,יחיאל מיכל זבלודובסקי,acharonim,1869,"רופא, אופטיקאי ופילנתרופ יהודי פולני, חוקר תורני ומשכיל",נפטרים ב-1869 | ילידי 1804 | חוקרי מדרש ואגדה | רופאים יהודים פולנים | ביאליסטוק: אישים | סופרים הידועים בשם עט
Q2917988,דב בר מייזלש,acharonim,1870,רב פולני,רבנים גליציאנים | יהודים חברי הפרלמנט האוסטרי | פוליטיקאים יהודים פולנים | פוליטיקאים יהודים אוסטרים | ורשה: רבנים | קרקוב: רבנים | רבנים חברי פרלמנטים | ילידי 1798 | נפטרים ב-1870
Q7216516,מנדל פינלס,acharonim,1870,,רבנים רומנים | משכילים יהודים במרחב הרומני | חכמת ישראל: אישים | רומנים שנולדו במאה ה-19 | נפטרים ב-1870
Q111983299,רפאל קצין,acharonim,1871,מרבני בבל וארם צובא,רבני ארם צובא | ילידי 1790 | נפטרים ב-1871
Q95007660,שלמה ניסן,acharonim,1872,,ילידי 1804 | נפטרים ב-1872 | יהודים גרמנים
Q1001741,יחזקאל משה פישמן,acharonim,1874,רב,רבנים הונגרים | רבנים מוראבים | נפטרים ב-1874
Q324170,אדא הורן,acharonim,1875,,"שרי החקלאות של הונגריה | פוליטיקאים יהודים הונגרים | מהפכנים הונגרים | עיתונאים יהודים הונגרים | סופרים יהודים הידועים בשם עט | יהודים רפורמים | רבנים צבאיים | מהפכנים יהודים | סופרים יהודים הונגרים | סופרים אסורים (הונגריה, 1944) | הונגרים חברי הבונים החופשיים | הונגרים שנולדו ב-1825"
Q23639322,דוד אופנהיים (רב וחוקר),acharonim,1876,רב בימניץ ובנאג'בצ'קרק (1816–1876),רבנים מוראבים | סופרים כותבי עברית | ילידי 1816 | נפטרים ב-1876
Q25491611,מיכל צבי היילפרין,acharonim,1877,,אודסה: רבנים
Q13137739,שמואל מאיר אייזקס,acharonim,1878,,רבנים אמריקאים | מהגרים מבריטניה לארצות הברית | אמריקאים שנולדו ב-1804 | אמריקאים שנפטרו ב-1878
Q1003936,אברהם פרידמן,acharonim,1879,רב,רבנים הונגרים | קהילות הסטטוס קוו אנטה | אלבה יוליה: רבנים | נפטרים ב-1879
Q850459,אברהם ברודי,acharonim,1882,רב שחי בהונגריה,רבנים הונגרים | נפטרים ב-1882
Q832567,אפרים ישראל בליכר,acharonim,1882,רב אוסטרי והונגרי,"מתרגמי התנ""ך | רבנים הונגרים | רבנים אוסטרים | חוקרי יהדות | ילידי 1813 | נפטרים ב-1882"
Q904359,יוליוס דסאואר,acharonim,1883,"רב הונגרי, חוקר תלמוד","רבנים הונגרים | חוקרי תלמוד | מתרגמי התנ""ך | משפחת דסאואר | הונגרים שנולדו ב-1832 | הונגרים שנפטרו ב-1883"
Q21035146,משה נחמיה כהניו,acharonim,1883,רב בלארוסי. רבן של פטרוביץ וחסלביץ,ישיבת עץ חיים | רבני ישיבת עץ חיים | יהודים הקבורים בהר הזיתים: חלקת הפרושים | רבנים בלארוסים | חיסלוויצ'י: רבנים | ילידי 1817 | ארץ-ישראלים שנפטרו ב-1887
Q133415457,דוד טבלי אפרתי,acharonim,1884,,כותבי אוטוביוגרפיה | ילידי 1849 | נפטרים ב-1884
Q118925118,אברהם הכהן מסלוניקי,acharonim,1885,נפטר 1885,סלוניקי: רבנים
Q2588731,בנימין זאב לנדא,acharonim,1886,רב בדרזדן,רבנים גרמנים
Q76998,יום-טוב ליפמן צונץ,acharonim,1886,"אבי ""חכמת ישראל""","חוקרי תפילה ופיוט | חכמת ישראל: אישים | יהודים גרמנים | פוליטיקאים יהודים גרמנים | פוליטיקאים גרמנים | חברי האגודה לתרבות ולמדע של היהודים | רבנים גרמנים | חוקרי ספרות חז""ל | חוקרי מדרש ואגדה | סגל אוניברסיטת האלה-ויטנברג | גרמנים שנולדו ב-1794 | גרמנים שנפטרו ב-1886"
Q25490365,אברהם יוסף אש,acharonim,1887,,יהודים פולנים | יהודים שהיגרו מרוסיה לארצות הברית | ניו יורק: רבנים | אמריקאים שנולדו ב-1813 | אמריקאים שנפטרו ב-1887
Q101426116,ברנהרד לוונשטיין,acharonim,1889,רב,משפחת יעקבי | יהודים פולנים | יהודים אוסטרו-הונגרים | רבנים פולנים | רבנים אוקראינים | לבוב: רבנים | רבנים הונגרים | ילידי 1821 | נפטרים ב-1889
Q1678939,יעקב בריל,acharonim,1889,רב וחוקר בספרות התלמוד,רבנים הונגרים | חוקרי משנה | חוקרי תלמוד | חוקרי מדרש ואגדה | ילידי 1812 | נפטרים ב-1889 | חכמת ישראל: אישים
Q5687501,חיים יונה גורלנד,acharonim,1890,"רב, סופר עברי וביבליוגרף (1843–1890)",סופרים כותבי עברית | רבנים רוסים | אודסה: רבנים | ביבליוגרפים עבריים | אנשי חינוך יהודים רוסים | סופרים יהודים בלארוסים | רבנים מטעם | רוסים שנולדו ב-1843 | רוסים שנפטרו ב-1890
Q12410629,פנחס מיכאל גרויסלייט,acharonim,1890,,רבנים פולנים | משפחת רוקח | נפטרים ב-1890
Q2299249,שלמה שילר-סינשי,acharonim,1890,רב הונגרי,"סגל אוניברסיטת קיימברידג' | בוגרי אוניברסיטת קיימברידג' | ספרנים ומידענים בריטים | רבנים הונגרים | רבנים בריטים | חוקרי ספרות חז""ל | חוקרי יהדות בריטים | בריטים ממוצא יהודי-הונגרי | בריטים שנולדו ב-1820 | בריטים שנפטרו ב-1890"
Q4363802,חיים אופנהיים,acharonim,1891,רב,רבנים מוראבים | סופרים כותבי עברית | ילידי 1832 | נפטרים ב-1891
Q97323080,יום טוב ישראל (שיריזלי),acharonim,1891,רב,רבנים ארץ-ישראלים | קהיר: רבנים | יהודים הקבורים בהר הזיתים: חלקת הספרדים | אנשי היישוב הוותיק ילידי ארץ ישראל | נפטרים ב-1891 | אנשי היישוב הוותיק ילידי ארץ ישראל במאה ה-19
Q63762,צבי גרץ,acharonim,1891,היסטוריון יהודי גרמני,חכמת ישראל: אישים | היסטוריונים יהודים גרמנים | חוקרי תולדות עם ישראל | היסטוריונים יהודים פולנים | סגל בית המדרש לרבנים בברסלאו | ציונים ילידי המאה ה-19 | אישים שהונצחו על בולי ישראל | ילידי 1817 | נפטרים ב-1891 | בוגרי אוניברסיטת פרידריך שילר בינה
Q2897130,איזידור לב,acharonim,1892,רב צרפתי,היסטוריונים יהודים צרפתים | חוקרי תולדות עם ישראל | רבנים צרפתים | בלשנים ולשונאים יהודים צרפתים | פילולוגים יהודים | צרפתים שנולדו ב-1839 | צרפתים שנפטרו ב-1892
Q1380932,יעקב לוי (בלשן),acharonim,1892,,בלשנים ולשונאים יהודים פולנים | בלשנים ולשונאים יהודים גרמנים | מזרחנים יהודים גרמנים | רבנים גרמנים | גרמנים שנולדו ב-1819 | נפטרים ב-1892
Q7427308,שאול יצחק קמפף,acharonim,1892,רב אוסטרי,פראג: רבנים | רבנים צ'כים | בוגרי אוניברסיטת האלה-ויטנברג | סגל אוניברסיטת קארל בפראג | מזרחנים יהודים אוסטרים | מתרגמים יהודים אוסטרים | ילידי 1818 | נפטרים ב-1892
Q123196333,יעקב ריינוביץ,acharonim,1893,רב בריטי (1818–1893),רבנים בריטים
Q96699,יוסף פרלס,acharonim,1894,רב וחוקר הונגרי,בוגרי אוניברסיטת ברסלאו | רבנים הונגרים | פילולוגים יהודים | מינכן: רבנים | ילידי 1835 | נפטרים ב-1894 | חוקרי הפשיטתא
Q6757634,מרדכי מורטרה,acharonim,1894,רב איטלקי,רבנים איטלקים | מנטובה: רבנים | משוררים יהודים | ילידי 1815 | נפטרים ב-1894
Q6957180,נחמן גולדשטיין,acharonim,1894,רב אוקראיני,רבני ברסלב | רבנים אוקראינים | ילידי 1825 | נפטרים ב-1894
Q3460489,שבתאי מוראיס,acharonim,1897,רב איטלקי-אמריקאי,ערכים שבהם תבנית בריטניקה אינה מתאימה | סגל בית המדרש לרבנים באמריקה | יהודים איטלקים | מהגרים מאיטליה לארצות הברית | אנשי חינוך יהודים אמריקאים | יהודים חברי הבונים החופשיים | אמריקאים חברי הבונים החופשיים | אמריקאים ממוצא יהודי-פורטוגזי | אמריקאים שנולדו ב-1823 | אמריקאים שנפטרו ב-1897
Q12403339,אבנר כתבן,acharonim,1898,,רבנים רומנים | יהודים גליציאנים | פובליציסטים יהודים | פעילים ציונים ברומניה | אבות בתי דין | ילידי 1831 | נפטרים ב-1898
Q111291305,רפאל יוסף חרוש,acharonim,1898,רב,אבות בתי דין | מרקש: רבנים | ארץ-ישראלים שנולדו ב-1812 | ארץ-ישראלים שנפטרו ב-1898 | אנשי עליות קדומות לארץ ישראל | עולים לארץ ישראל בשנים 1800–1881
Q16342154,שלמה זלמן פרוש,acharonim,1898,רב בלארוסי,משפחת פרוש | אנשי עליות קדומות לארץ ישראל | ירושלים: אישים | יהודים הקבורים בהר הזיתים: חלקת הפרושים | עולים לארץ ישראל בשנים 1800–1881 | ארץ-ישראלים שנולדו ב-1845 | ארץ-ישראלים שנפטרו ב-1898
Q30252275,יהודה נחמה,acharonim,1899,,כל ישראל חברים | אנשי חינוך יהודים יוונים | עורכי עיתונים יהודים יוונים | סלוניקי: רבנים | משכילים | ילידי 1825 | נפטרים ב-1899
Q30527614,יעקב חי עבו,acharonim,1899,איש ציבור וגואל קרקעות,מייסדי מושבות בארץ ישראל | צפת: רבנים | צפת: אישים | הגליל: אישים | משפחת עבו | קונסולים בארץ ישראל | גואלי אדמות בארץ ישראל | מייסדי ראש פינה | אנשי היישוב הוותיק ילידי ארץ ישראל | יסוד המעלה: אישים | ארץ-ישראלים שנולדו ב-1830 | ארץ-ישראלים שנפטרו ב-1899
Q16132234,אלישע בן שמואל,acharonim,,"משורר יהודי-פרסי בן המאה ה-17, יצירתו הגדולה ביותר היא ""שאהזאדה וצופי"" (בן המלך והצופי), עיבוד ליצירה בן המלך והנזיר של אברהם אבן חסדאי בן המאה ה-13",משוררים יהודים פרסים | יהדות בוכרה | ילידי 1644 | רבני כאשאן
Q109570931,משה אדרעי (השני),acharonim,,,רבאט: רבנים | לונדון: רבנים | אמסטרדם: רבנים | ירושלים: רבנים | ילידי 1774
Q16128909,עמרם רוזנבוים,acharonim,,,צפת: רבנים | רבנים הונגרים | מאד: רבנים | אנשי עליות קדומות לארץ ישראל | יהודים הקבורים בבית הקברות בצפת | משפחת רוזנבוים (הונגריה) | עולים לארץ ישראל בשנים 1800–1881 | ילידי 1790 | נפטרים ב-1829
Q16130388,שמואל די אבילה,acharonim,,,סלא: רבנים | ילידי 1688
Q1003926,מאיר צבי פרידלנדר,acharonei_zmanenu,1900,"רב הונגרי, חוקר תלמוד",רבנים הונגרים | בונהאד: רבנים | בונהאד: אישים | הונגרים שנפטרו ב-1847
Q4295159,סולומון מינור,acharonei_zmanenu,1900,רב רוסי,מוסקבה: רבנים | רוסים שנולדו ב-1829 | רוסים שנפטרו ב-1900
Q105078483,רפאל גולדברג,acharonei_zmanenu,1900,רב ומורה הונגרי,רבנים הונגרים | בוגרי בית המדרש לרבנים בברסלאו | פאפה: אישים | הונגרים שנולדו ב-1841 | הונגרים שנפטרו ב-1900
Q6699284,לודוויג לוויזון,acharonei_zmanenu,1901,רב גרמני,רבנים גרמנים | פרנקפורט על האודר: רבנים | בית הקברות היהודי העתיק בוורמס | וורמס: רבנים | גרמנים שנולדו ב-1819 | גרמנים שנפטרו ב-1901
Q976296,חיים זליג סלונימסקי,acharonei_zmanenu,1904,מתמטיקאי רוסי,"מו""לים יהודים פולנים | עורכי עיתונים בשפה העברית | עורכי עיתונים יהודים פולנים | סגל הצפירה | אסטרונומים יהודים | רבנים פולנים | משכילי רוסיה | יהודים הקבורים בבית הקברות היהודי בוורשה | צנזורים | ביאליסטוק: אישים | זוכי פרס דמידוב | פולנים שנולדו ב-1810"
Q70833,מאיר קייזרלינג,acharonei_zmanenu,1905,"רב הונגרי, רב גרמני",רבנים הונגרים | רבנים גרמנים | היסטוריונים יהודים גרמנים | ילידי 1829 | נפטרים ב-1905
Q112229359,יוסף בן וואליד,acharonei_zmanenu,1906,,יהודים אלג'יראים | אוראן: רבנים | ילידי 1830 | נפטרים ב-1906
Q102063898,שמואל פולק,acharonei_zmanenu,1906,,רבנים מוראבים | רבנים צ'כים | בוגרי אוניברסיטת וינה | ילידי 1842 | נפטרים ב-1906
Q113355527,יהודה גרינפלד (רב),acharonei_zmanenu,1907,אב בית דין בעיר סמיהאלי שבהונגריה,רבנים הונגרים | הונגרים שנולדו ב-1837 | הונגרים שנפטרו ב-1907
Q111095170,יוסף מולפלדר,acharonei_zmanenu,1907,,רבנים גרמנים | בוגרי בית המדרש לרבנים בברסלאו | סגל אוניברסיטת האלה-ויטנברג | ילידי 1844 | נפטרים ב-1907
Q111095046,מאיר אשכנזי (אוסלו),acharonei_zmanenu,1908,,רבנים נורווגים | יהודים נורווגים | ילידי 1850 | נפטרים ב-1908
Q56414305,מור לוי (רב),acharonei_zmanenu,1908,רב הונגרי,רבנים הונגרים | בוגרי בית המדרש לרבנים בברלין | טימישוארה: יהודים | ילידי 1854 | נפטרים ב-1908
Q5241289,דוד וולף מרקס,acharonei_zmanenu,1909,רב בריטי,יהודים בריטים | סגל אוניברסיטאות בממלכה המאוחדת | יהדות קראית | יהדות רפורמית בבריטניה | בריטים שנולדו ב-1811 | בריטים שנפטרו ב-1909
Q114909824,יוסף יהודה ליב זוסניץ,acharonei_zmanenu,1910,"חוקר תלמוד, מתמטיקאי ועורך מדעי (1837–1910)",מתמטיקאים יהודים | אסטרונומים יהודים | פילוסופים יהודים | אנשי חינוך יהודים אמריקאים | יהודים ליטאים | יהודים שהיגרו מרוסיה לארצות הברית | ניו יורק: אישים | ילידי 1837 | נפטרים ב-1910
Q3308207,מיכאל פרידלנדר,acharonei_zmanenu,1910,מזרחן וחוקר בתחום מדעי היהדות שחי ופעל בלונדון אנגליה,תאולוגים יהודים | חוקרי תלמוד | פילוסופים יהודים בריטים | תאולוגים בריטים | מזרחנים יהודים בריטים | בוגרי אוניברסיטת ברלין | בוגרי בית הספר ללימודי יהדות של לונדון | אנגלים ממוצא יהודי-גרמני | בריטים שנולדו ב-1833 | בריטים שנפטרו ב-1910
Q1901584,מרדכי הורוויץ,acharonei_zmanenu,1910,רב והיסטוריון הונגרי,פרנקפורט: רבנים | אישים הקבורים בבית הקברות היהודי הישן בפרנקפורט | בוגרי אוניברסיטת טיבינגן | חוקרי תולדות עם ישראל | היסטוריונים יהודים | רבנים הונגרים | גרמנים שנולדו ב-1844 | גרמנים שנפטרו ב-1910
Q1003848,משפחת פרוידיגר,acharonei_zmanenu,1911,רב הונגרי,אנשי עסקים יהודים הונגרים | רבנים הונגרים | משפחות יהודיות | אצולה יהודית הונגרית | ניצולי רכבת ההצלה של קסטנר | ברונים יהודים-הונגרים | משפט אייכמן: עדים | הונגרים שנולדו ב-1833 | הונגרים שנפטרו ב-1911
Q4662505,אהרן ולדן,acharonei_zmanenu,1912,סופר יהודי־פולני,ורשה: סופרים | ילידי 1838 | נפטרים ב-1912
Q6204571,חיים יעקב אונגר,acharonei_zmanenu,1912,רב אוסטרי,רבנים אוסטרים | סופרים יהודים אוסטרים | בוגרי אוניברסיטת ברלין | ילידי 1826 | נפטרים ב-1912
Q113355487,משה סלומון,acharonei_zmanenu,1912,,רבנים הונגרים
Q988417,נתן אהרנפלד,acharonei_zmanenu,1912,"רב הונגרי, צ'כי",רבנים הונגרים | פראג: רבנים | בוגרי בית המדרש לרבנים בברלין | ילידי 1843 | נפטרים ב-1912
Q836017,שמואל בק (רב),acharonei_zmanenu,1912,רב גרמני,רבנים פולנים | לשנו: רבנים | היסטוריונים יהודים פולנים | חוקרי תולדות עם ישראל | ילידי 1834 | נפטרים ב-1912
Q6041098,אדולף שמידל,acharonei_zmanenu,1913,,רבנים אוסטרים | פרוסטיוב: רבנים | חוקרי יהדות | אוסטרים שנולדו ב-1821 | אוסטרים שנפטרו ב-1913
Q117319160,דוד קרליבך,acharonei_zmanenu,1913,,רבנים גרמנים | משפחת קרליבך | בוגרי בית המדרש לרבנים בברלין | גרמנים שנולדו ב-1885 | גרמנים שנפטרו ב-1913
Q55915249,יוסף יצחק קובק,acharonei_zmanenu,1913,,רבנים גליציאנים | לבוב: רבנים | חוקרי יהדות | עורכי כתבי עת יהודים | בוגרי אוניברסיטת לבוב | ילידי 1828 | נפטרים ב-1913
Q23063020,יעקב אריה סלבנדי,acharonei_zmanenu,1913,רב ציוני הונגרי-גרמני במאה ה-20,רבנים גרמנים | פעילים ציונים בגרמניה | גואלי אדמות בארץ ישראל | בוגרי בית המדרש לרבנים בברסלאו | גרמנים שנולדו ב-1837 | גרמנים שנולדו ב-1914
Q137210272,מקס יוסטר,acharonei_zmanenu,1913,,רבנים רומנים | רבנים אמריקאים | בנקאים יהודים רומנים | מהגרים מרומניה לארצות הברית | ילידי 1854 | נפטרים ב-1913
Q18120908,יהודה ליב קנטור,acharonei_zmanenu,1915,,עיתונאים יהודים | עיתונאים כותבי יידיש | עיתונאים כותבי עברית | עיתונאים רוסים | עורכי עיתונים יהודים | עורכי עיתונים ביידיש | עורכי עיתונים בשפה העברית | סופרי תקופת התחייה | יהודים ליטאים | יהודים רוסים | רבנים רוסים | ריגה: רבנים
Q89406913,מור קליין,acharonei_zmanenu,1915,רב הונגרי,רבנים הונגרים | סופרים יהודים הונגרים | סגל בית המדרש לרבנים בבודפשט | הונגרים שנולדו ב-1842 | הונגרים שנפטרו ב-1915
Q1253591,אלכסנדר קיש,acharonei_zmanenu,1917,"הרב הצבאי הראשון בצבא האימפריה האוסטרית, בן למשפחת קיש.",משפחת קיש | רבנים צבאיים | פראג: רבנים | יהודים בצבא האוסטרו-הונגרי | ילידי 1848 | נפטרים ב-1917
Q16043522,ישראל קרדונר,acharonei_zmanenu,1918,מרבני ברסלב הראשונים בארץ,רבני ברסלב | צפת: רבנים | אנשי העלייה הראשונה | נפטרים מכולרה | יהודים הקבורים בבית הקברות בטבריה | ילידי 1867 | ארץ-ישראלים שנפטרו ב-1918
Q97992,יעקב גוטמן,acharonei_zmanenu,1919,תאולוג יהודי-גרמני,רבנים גרמנים | פילוסופים יהודים גרמנים | גרמנים שנולדו ב-1845 | גרמנים שנפטרו ב-1919
Q124770227,אסף פינחסוב,acharonei_zmanenu,1920,,אנשים מדרבנט | סופרי ג'והורי | ילידי 1884 | רוסים שנפטרו ב-1920
Q2230596,שלום (בן יחזקאל) אלבק,acharonei_zmanenu,1920,,חוקרי תלמוד | משפחת אלבק | יהודים פולנים | ילידי 1858 | נפטרים ב-1920
Q1114983,שמואל קוהן (רב),acharonei_zmanenu,1920,רב הונגרי,"יהדות נאולוגית | רבנים הונגרים | סופרים אסורים (הונגריה, 1944) | היסטוריונים יהודים הונגרים | באיה: אישים | הונגרים שנולדו ב-1841 | הונגרים שנפטרו ב-1920"
Q11728295,יוסף אהרן רבינוביץ,acharonei_zmanenu,1921,רב פולני,רבנים פולנים | רבנים בלארוסים | ורשה: רבנים | ילידי 1853 | נפטרים ב-1921
Q23062735,פרדיננד רוזנטל,acharonei_zmanenu,1921,,בוגרי אוניברסיטת לייפציג | ברסלאו: רבנים | בוגרי אוניברסיטת הומבולדט של ברלין | ילידי 1839 | נפטרים ב-1921
Q107497625,יוסף רוזנפלד,acharonei_zmanenu,1922,רבה הראשי של צ'רנוביץ לשעבר,צ'רנוביץ: רבנים | ילידי 1858 | נפטרים ב-1922 | אישים הקבורים בפרנקפורט
Q85961,יוסף שמואל בלוך,acharonei_zmanenu,1923,"רב, פובליציסט וציר בפרלמנט האוסטרי",בוגרי אוניברסיטת מינכן | בוגרי אוניברסיטת ציריך | יהודים חברי הפרלמנט האוסטרי | רבנים חברי פרלמנטים | רבנים אוסטרים | יהודים גליציאנים | פוליטיקאים יהודים אוסטרים | אוסטרים שנולדו ב-1850 | נפטרים ב-1923
Q504205,אילש אדלר,acharonei_zmanenu,1924,רב הונגרי,רבנים הונגרים | יהודים בצבא האוסטרו-הונגרי במלחמת העולם הראשונה | היסטוריונים יהודים הונגרים | אישים הקבורים בבית הקברות היהודי ברחוב קוזמה בבודפשט | הונגרים שנולדו ב-1868 | הונגרים שנפטרו ב-1924
Q3073025,אפרים פישל סלומון,acharonei_zmanenu,1924,ראש קבוצת המתיישבים ביסוד המעלה,חברי הכנסייה הארצישראלית | יסוד המעלה: אישים | אנשי העלייה הראשונה | ארץ-ישראלים שנולדו ב-1849 | ארץ-ישראלים שנפטרו ב-1924
Q1912859,מקס קופשטיין,acharonei_zmanenu,1924,רב הונגרי וגרמני,רבנים גרמנים | רבנים הונגרים | הונגרים שנולדו ב-1856 | גרמנים שנפטרו ב-1924
Q94887595,זליגמן יששכר מאייר,acharonei_zmanenu,1925,רב גרמני,רבנים גרמנים | גרמנים שנולדו ב-1853 | גרמנים שנפטרו ב-1925 | רגנסבורג: אישים
Q28058982,מרדכי שלמה זילבר,acharonei_zmanenu,1925,רב אמריקאי,רבנים אמריקאים | אמריקאים שנולדו ב-1864 | אמריקאים שנפטרו ב-1925
Q256984,צבי מלטר,acharonei_zmanenu,1925,"רב אמריקאי, וחוקר תלמוד וספרות רבנית מוקדמת",יהודים שהיגרו מפולין לארצות הברית | רבנים אמריקאים | חוקרי יהדות יהודים אמריקאים | מנהיגים דתיים בסינסינטי | סגל היברו יוניון קולג' | אמריקאים שנולדו ב-1867 | אמריקאים שנפטרו ב-1925
Q2346533,אברהם אשר (רב),acharonei_zmanenu,1926,,פעילים ציונים בהולנד | רבנים הולנדים | ילידי 1884 | נפטרים ב-1926
Q12352962,מרטון שריינר,acharonei_zmanenu,1926,,סגל בית המדרש הגבוה למדעי היהדות בברלין | ילידי 1863 | נפטרים ב-1926
Q21570431,חנוך חסון (רב),acharonei_zmanenu,1929,"רב בחברון. נרצח שם בפרעות תרפ""ט",חברון: רבנים | אישים הקבורים בבית הקברות היהודי בחברון | אנשי היישוב הוותיק ילידי ארץ ישראל | חללי הטבח בחברון | אבות בתי דין | אישים הקבורים בקבר אחים | אנשי היישוב הוותיק ילידי ארץ ישראל במאה ה-19 | יהודים בארץ ישראל במחצית הראשונה של המאה ה-20 | ארץ-ישראלים שנולדו ב-1867 | ארץ-ישראלים שנפטרו ב-1929
Q112144380,יעקב דוויק הכהן,acharonei_zmanenu,1929,,רבני ארם צובא | ילידי 1838 | נפטרים ב-1929
Q350713,הרמן גולנץ,acharonei_zmanenu,1930,רב בריטי,"מתרגמי התנ""ך | בוגרי יוניברסיטי קולג' לונדון | בעלי תואר דוקטור מאוניברסיטת לונדון | אבירים בריטים | בריטים שנולדו ב-1852 | בריטים שנפטרו ב-1930"
Q5740428,הרמן ואן סטברן,acharonei_zmanenu,1930,,יהודים ניו זילנדים | רבנים הולנדים | ילידי 1849 | נפטרים ב-1930
Q3839175,לודוויג שטיין,acharonei_zmanenu,1930,"פילוסוף, סוציולוג, רב, פובליציסט ופציפיסט הונגרי-שווייצרי (1859–1930).",פילוסופים של המאה ה-19 | פילוסופים של המאה ה-20 | עורכים גרמנים | סגל המכון הטכנולוגי של ציריך | רבנים גרמנים | ילידי 1859 | נפטרים ב-1930
Q7002793,צינה דיזנגוף,acharonei_zmanenu,1930,"ממייסדות תל אביב, אשתו של ראש עיריית תל אביב",יהודים מווהלין | תל אביב: מייסדים | תל אביב-יפו: אישים | בני זוג של ראשי עיריות בישראל | נשים הקבורות בבית הקברות טרומפלדור | נשות העלייה השנייה | אנשי העלייה השנייה | ארץ-ישראלים שנולדו ב-1872 | ארץ-ישראלים שנפטרו ב-1930
Q6602199,שמעון משה דיסקין (לוחביץ),acharonei_zmanenu,1930,,רבנים אוקראינים | פעילות יהודית בברית המועצות | משפחת דיסקין | ילידי 1872 | נפטרים ב-1930
Q136083962,אברהם קאפון,acharonei_zmanenu,1931,עיתונאי בוסני,סרייבו: אישים | פולקלוריסטים יהודים | מתרגמים יהודים בוסנים | מחזאים יהודים | סופרים יהודים | חזנים | משוררים יהודים בוסנים | עיתונאים יהודים | סרייבו: רבנים | חוקרי לאדינו | אנשי חינוך יהודים בוסנים | בלשנים ולשונאים יהודים בוסנים
Q15218191,אדולף שוורץ (רב),acharonei_zmanenu,1931,רב ותאולוג אוסטרי,"יהודים אוסטרים | פילוסופים של היהדות | בוגרי בית המדרש לרבנים בברסלאו | רבנים גרמנים | וינה: רבנים | אוסטרים שנולדו ב-1846 | גרמנים שנולדו ב-1846 | גרמנים שנפטרו ב-1931 | חוקרי ספרות חז""ל"
Q113637008,אהרן הלוי גולדמן,acharonei_zmanenu,1932,,רבנים ארגנטינאים | ילידי 1853 | נפטרים ב-1932
Q7064813,אליהו פוסק,acharonei_zmanenu,1932,,רבנים אוקראינים | נפטרים ב-1932
Q16675624,יוסף אלחנן מלמד,acharonei_zmanenu,1932,רב ופילוסוף,רבנים בלארוסים | רבנים רוסים | סופרים יהודים | פובליציסטים יהודים רוסים | אנשי העלייה הרביעית | ציונות דתית: אישים | אישים שהשתתפו בוועידות הקונגרס הציוני העולמי | נפטרים מסרטן | ילידי 1859 | נפטרים ב-1932
Q65252654,יחזקאל נאג'י,acharonei_zmanenu,1932,"עורך דין, רב ושופט חוקר יהודי-עיראקי, יליד בגדאד. (1846–1932)",ויקיפדיה: ערכים של משתמשים חדשים | יהדות בגדאד: אישים | משפחות יהודיות | יהדות בבל | ילידי 1846 | נפטרים ב-1932
Q3101382,ג'ורג' אלכסנדר קוהוט,acharonei_zmanenu,1933,רב וחוקר ספרות אמריקאי,רבנים אמריקאים | אמריקאים ממוצא יהודי-הונגרי | מהגרים מהונגריה לארצות הברית | בוגרי אוניברסיטת הומבולדט של ברלין | אמריקאים שנולדו ב-1874 | אמריקאים שנפטרו ב-1933
Q47028771,ז'אק-אנרי דרייפוס,acharonei_zmanenu,1933,,רבנים צרפתים | רבנים בלגים | פריז: רבנים | צרפתים שנולדו ב-1844 | צרפתים שנפטרו ב-1933
Q114219822,יחיאל מיכל לייטר,acharonei_zmanenu,1933,רב,משפחת לייטר | ילידי 1864 | נפטרים ב-1933
Q1403719,פליקס פרלס,acharonei_zmanenu,1933,רב ומרצה גרמני,רבנים גרמנים | סגל אוניברסיטת קניגסברג | פעילים ציונים | גרמנים שנולדו ב-1874 | גרמנים שנפטרו ב-1933
Q1419022,איזידור שפטלוביץ',acharonei_zmanenu,1934,רב גרמני,רבנים גרמנים | סגל אוניברסיטת קלן | איראנולוגים | פולקלוריסטים יהודים | פליטי רדיפות הנאצים | גרמנים שנולדו ב-1875 | גרמנים שנפטרו ב-1934
Q3187431,יואל לייב הלוי הרצוג,acharonei_zmanenu,1934,רב צרפתי,רבנים פולנים | משפחת הרצוג | יהודים הקבורים בהר הזיתים: חלקת הנביאים | פריז: רבנים | בית הכנסת אגודת הקהילות | לידס: רבנים | צרפתים שנולדו ב-1862 | נפטרים ב-1934
Q98098105,אלישע מפאנו,acharonei_zmanenu,1935,רב איטלקי,רבנים איטלקים | רג'ו אמיליה: רבנים | קורפו: רבנים | איטלקים שנולדו ב-1847 | איטלקים שנפטרו ב-1935
Q7040315,יהודה צבי יבזרוב,acharonei_zmanenu,1935,,פעילים ציונים ברוסיה | חובבי ציון | מגידים | ציונים ילידי המאה ה-19 | אנשי העלייה השלישית | אישים הקבורים בבית הקברות טרומפלדור | רבנים מטעם | יהודים בלארוסים | תל אביב-יפו: רבנים | ארץ-ישראלים שנולדו ב-1854 | ארץ-ישראלים שנפטרו ב-1935
Q113559936,יעקב יהודה ורשנר,acharonei_zmanenu,1935,רבם של סמטר שבפולין ובאד הומבורג שבגרמניה,רבנים גרמנים | ילידי 1865 | נפטרים ב-1935
Q16026181,שמואל אהרון גולדשטיין,acharonei_zmanenu,1935,,רבנים בריטים | רבנים אוסטרלים | ניו זילנדים חברי הבונים החופשיים | יהודים ניו זילנדים | בריטים שנולדו ב-1852 | בריטים שנפטרו ב-1935
Q119618,שמריהו לוין,acharonei_zmanenu,1935,פוליטיקאי ופעיל ציוני יליד רוסיה,פוליטיקאים יהודים רוסים | יהודים חברי הפרלמנט הרוסי | אישים שהשתתפו בוועידות הקונגרס הציוני העולמי | עובדי קרן היסוד | אנשי העלייה הרביעית | פובליציסטים ביישוב | פובליציסטים כותבי עברית | סופרים כותבי עברית | מסאים יהודים | האימפריה הרוסית: אישים | יהודים בלארוסים | גרודנו: אישים
Q24700967,דוד פויכטואנג,acharonei_zmanenu,1936,אשורולוג והרב הראשי של וינה,וינה: רבנים | ערכים שנכתבו או הורחבו במסגרת מיזם המקבץ השבועי | אוסטרים שנולדו ב-1864 | אוסטרים שנפטרו ב-1936
Q63508,יהושע טהון,acharonei_zmanenu,1936,עסקן ומנהיג ציוני פולני,יהודים גליציאנים | רבנים פולנים | ראשוני הציונות | רבנים חברי הסיים הפולני | סופרים יהודים פולנים | פובליציסטים יהודים | יהדות קרקוב | אישים שעל שמם יישובים בישראל | משפחת טהון | בית יהושע | ילידי 1870 | פולנים שנפטרו ב-1936
Q25490331,מרדכי אקלר,acharonei_zmanenu,1936,רבם של אנוסי משהד,מתרגמים יהודים איראנים | אנשי העלייה הרביעית | יהודים הקבורים בהר הזיתים | אנשי היישוב | ארץ-ישראלים שנולדו ב-1850 | ארץ-ישראלים שנפטרו ב-1936 | רבנים משהדים | אנוסי משהד וצאצאיהם
Q372586,ריצ'רד גוטהייל,acharonei_zmanenu,1936,,פילולוגים יהודים | מזרחנים יהודים אמריקאים | מהגרים מבריטניה לארצות הברית | פעילים ציונים בארצות הברית | בלשנים ולשונאים יהודים אמריקאים | סגל אוניברסיטת קולומביה | אנציקלופדיסטים יהודים | בלשנים ולשונאים שמיים | פילולוגים אמריקאים | בוגרי אוניברסיטת קולומביה | בוגרי אוניברסיטת לייפציג | עורכי האנציקלופדיה היהודית
Q112593939,אברהם צבי הירש גרודזנסקי,acharonei_zmanenu,1937,,וילנה: רבנים | נפטרים ב-1937
Q18761253,אברהם רומנו (רב),acharonei_zmanenu,1937,רב,סרייבו: רבנים | אנשי העלייה השנייה | ירושלים: אישים | יהודים הקבורים בהר הזיתים: חלקת הספרדים | משוררים יהודים בוסנים | אבות בתי דין | ארץ-ישראלים שנולדו ב-1853 | ארץ-ישראלים שנפטרו ב-1937
Q2977854,קלוד מונטיפיורי,acharonei_zmanenu,1938,,יהדות רפורמית בבריטניה | יהודים שמוצאם ממגורשי ספרד | בוגרי אוניברסיטת אוקספורד | תאולוגים יהודים | חוקרי מקרא | חוקרי נצרות | פילוסופים יהודים בריטים | נדבנים יהודים בריטים | משפחת מונטיפיורי | אנטי-ציונים יהודים | בריטים שנולדו ב-1858 | בריטים שנפטרו ב-1938
Q2895440,שמריהו יהודה לייב מדליה,acharonei_zmanenu,1938,רב רוסי,"יהודים סובייטים | רבנים רוסים | רבני חב""ד במאה ה-20 | יהדות מוסקבה | קורבנות הטיהורים הגדולים | יהודים שהוצאו להורג ברוסיה ובברית המועצות | ילידי 1872 | סובייטים שנפטרו ב-1938"
Q4684071,אברהם ביכלר,acharonei_zmanenu,1939,חוקר יהודי,חוקרי תלמוד | בוגרי בית המדרש לרבנים בברסלאו | בוגרי אוניברסיטת לייפציג | יהודים הונגרים | יהודים סלובקים | חוקרי תקופת הבית השני | אנשי חינוך יהודים אוסטרים | אנשי חינוך יהודים בריטים | חוקרי תולדות עם ישראל בארץ ישראל | ילידי 1867 | נפטרים ב-1939
Q11689885,חיים פוזנר,acharonei_zmanenu,1939,,רבנים פולנים | רבנים צבאיים | ורשה: רבנים | ילידי 1871 | נפטרים ב-1939
Q1943140,משה מרגל,acharonei_zmanenu,1939,"הרב הראשי ליהודי זאגרב, פדגוג ופילולוג",זאגרב: רבנים | מילונאים | מתרגמים יהודים | אישים הקבורים בבית הקברות מירוגוי | ילידי 1875 | נפטרים ב-1939 | קרואטים שנפטרו במאה ה-20 | יוגוסלבים שנפטרו במאה ה-20
Q94839898,משה שטרן (היסטוריון),acharonei_zmanenu,1939,רב והיסטוריון גרמני,היסטוריונים גרמנים | בוגרי אוניברסיטת ברלין | ספרנים ומידענים יהודים | ספרנים ומידענים גרמנים | גרמנים שנולדו ב-1864 | גרמנים שנפטרו ב-1939
Q4501423,ברוך שטיינברג,acharonei_zmanenu,1940,"רב פולני, שימש כרב הצבאי הראשי של צבא פולין טרום מלחמת העולם השניה",רבנים פולנים | רבנים צבאיים | יהודים בצבא הפולני | אנשי צבא פולנים במלחמת העולם השנייה | פולנים שנשבו במלחמת העולם השנייה | פולנים שנהרגו במלחמת העולם השנייה | אבירי מסדר העיט הלבן | פולנים שנולדו ב-1897 | פולנים שנפטרו ב-1940
Q6644143,יהודה ליב אשר גולאק,acharonei_zmanenu,1940,הלוי,חוקרי משפט עברי | חוקרי תלמוד | יהודים לטבים | ראשוני האוניברסיטה העברית בירושלים | סגל האוניברסיטה העברית בירושלים: תלמוד | יהודים הקבורים בהר הזיתים: חלקת קהילת ירושלים | ארץ-ישראלים שנולדו ב-1881 | ארץ-ישראלים שנפטרו ב-1940
Q3157568,יעקב מאן,acharonei_zmanenu,1940,"חוקר יהדות, ומחלוצי חוקרי הגניזה הקהירית","מהגרים לארצות הברית | חוקרי גניזת קהיר | חוקרי יהדות ארצות האסלאם | חוקרי יהדות בבל | חוקרי יהדות בריטים | חוקרי יהדות יהודים אמריקאים | חוקרי ספרות חז""ל | חוקרי תולדות עם ישראל בימי הביניים | יהודים גליציאנים | משפחת מן | רבנים אמריקאים | רבנים בריטים"
Q11770412,מרכוס שטיינר,acharonei_zmanenu,1940,,רבנים פולנים | ילידי 1865
Q6883691,שמואל קליין,acharonei_zmanenu,1940,"רב, היסטוריון וחוקר הגאוגרפיה של ארץ ישראל",היסטוריונים יהודים הונגרים | ראשוני האוניברסיטה העברית בירושלים | חוקרי ארץ ישראל | בוגרי בית המדרש לרבנים בברלין | אנשי העלייה החמישית | יהודים הקבורים בהר הזיתים: חלקת קהילת ירושלים | משפחת אליצור | היסטוריונים ביישוב | חוקרי המקומות הקדושים בישראל | ארץ-ישראלים שנולדו ב-1886 | ארץ-ישראלים שנפטרו ב-1940
Q5573938,שמעון ברנפלד,acharonei_zmanenu,1940,היסטוריון פובליציסט ורב יהודי גרמני,יהודים גליציאנים | רבנים יוגוסלבים | היסטוריונים יהודים גרמנים | בלגרד: רבנים | ביוגרפים יהודים | ילידי 1860 | נפטרים ב-1940
Q1388246,משה שור,acharonei_zmanenu,1941,מורה ומנהיג רוחני,יהודים גליציאנים | פוליטיקאים יהודים פולנים | היסטוריונים יהודים פולנים | חוקרי יהדות | חוקרי יהדות מזרח אירופה | מזרחנים יהודים אוסטרים | אשורולוגים | יהודים חברי הסנאט של פולין | רבנים חברי פרלמנטים | ורשה: רבנים | יהודים בשואה: פולין | יהודים אוסטרו-הונגרים
Q20817373,סאלי לוי,acharonei_zmanenu,1941,הרב האחרון של מיינץ,רבנים גרמנים | גרמנים שנולדו ב-1883 | גרמנים שנפטרו ב-1941
Q7499635,שמואל אלכסנדרוב,acharonei_zmanenu,1941,מלומד יהודי אוטודידקט מאנשי תנועת המזרחי שנספה בשואה,ציונות דתית: אישים | אוטודידקטים יהודים | יהודים בשואה: בלארוס | פובליציסטים יהודים בלארוסים | ילידי 1865 | נפטרים ב-1941
Q24259019,אליעזר סרלואיס,acharonei_zmanenu,1942,רב הולנדי,רבנים הולנדים | רבנים שנספו במחנה ההשמדה אושוויץ | בוגרי אוניברסיטת אמסטרדם | אמסטרדם: אישים | יהודים בשואה: הולנד | הולנדים שנולדו ב-1884 | הולנדים שנפטרו ב-1942
Q23943457,אלתר דוד קורצמן,acharonei_zmanenu,1942,"רב בפולין, ממייסדי ""אגודת ישראל""",קרקוב: רבנים | יהודים בשואה: פולין | נספים במחנה הריכוז בלז'ץ | בתי יתומים | גטו קרקוב | פולנים שנולדו ב-1865 | פולנים שנפטרו ב-1942
Q2893159,יעקב בצלאל לויטרבך,acharonei_zmanenu,1942,"חוקר יהדות. התמחה בספרות חז""ל וכתיבת ערכים אנציקלופדים","מהגרים מגרמניה לארצות הברית | חוקרי תלמוד | חוקרי ספרות חז""ל | בוגרי בית המדרש לרבנים בברלין | סגל אוניברסיטאות ומכללות בארצות הברית | חוקרי יהדות יהודים אמריקאים | סגל היברו יוניון קולג' | עורכי אנציקלופדיה אוצר ישראל | חוקרי מדרש ואגדה | אמריקאים שנולדו ב-1873 | אמריקאים שנפטרו ב-1942"
Q114457186,יצחק וייס (וערבוי),acharonei_zmanenu,1942,,רבנים הונגרים | רבנים שנספו בשואה | הונגרים שנפטרו ב-1942
Q15900813,מנחם בנימין פומרנץ,acharonei_zmanenu,1942,,יהודים בשואה: פולין | רבנים שנספו בשואה | רבנים פולנים | רבני גור | מגידי שיעור בדף היומי | ילידי 1887 | פולנים שנפטרו ב-1942
Q20609783,מנחם מנדל קירשבוים,acharonei_zmanenu,1942,,רבנים שנספו במחנה ההשמדה אושוויץ | רבנים פולנים | פולנים שנולדו ב-1895 | פולנים שנפטרו ב-1942 | פרנקפורט: רבנים
Q6858097,יוסף מוהליבר,acharonei_zmanenu,1943,איש חינוך עברי,סגל תרבות (רשת חינוך) | משתתפי הקונגרס הציוני העולמי הראשון | אישים שהשתתפו בוועידות הקונגרס הציוני העולמי | ביאליסטוק: רבנים | אנשי העלייה השלישית | אנשי חינוך יהודים | אנשי חינוך שוחרי השפה העברית | ראשוני הציונות | רבנים מטעם | מנהלי בתי ספר ישראלים | מנהלי גימנסיה רחביה | יהודים הקבורים בהר הזיתים: חלקת קהילת ירושלים
Q8053897,יצחק ברייטר,acharonei_zmanenu,1943,,רבנים פולנים | רבני ברסלב | ילידי 1886 | פולנים שנפטרו ב-1943
Q4058826,משה אלעזר אייזנשטדט,acharonei_zmanenu,1943,רבה הרשמי של סנקט פטרבורג ופעיל חברתי,רבנים רוסים | סנקט פטרבורג: רבנים | רוסים שנולדו ב-1869 | נפטרים ב-1943
Q139494090,עזריאל זליג נח קושלבסקי,acharonei_zmanenu,1943,,רבנים פולנים | רבנים שנספו בשואה
Q360743,אדולף אלטמן,acharonei_zmanenu,1944,רב אוסטרי-גרמני,יהודים בצבא האוסטרו-הונגרי במלחמת העולם הראשונה | רבנים צבאיים | נספים במחנה ההשמדה אושוויץ | רבנים שנספו בשואה | אסירים בגטו טרזיינשטט | עיתונאים יהודים אוסטרים | פעילים ציונים באוסטריה | פעילים ציונים בגרמניה | רבנים גרמנים | רבנים אוסטרים | ילידי 1879 | נפטרים ב-1944
Q23649999,אריה חיימוביץ',acharonei_zmanenu,1944,,כפר סבא: רבנים | יהודים ליטאים | אנשי העלייה השנייה | אישים הקבורים בבית הקברות הישן של כפר סבא | ארץ-ישראלים שנולדו ב-1862 | ארץ-ישראלים שנפטרו ב-1944
Q104554893,וילמוש אדלר,acharonei_zmanenu,1944,רב הונגרי,רבנים הונגרים | רבנים שנספו במחנה ההשמדה אושוויץ | בוגרי בית המדרש לרבנים בבודפשט | פקש: אישים | הונגרים שנולדו ב-1867 | הונגרים שנפטרו ב-1944
Q1228708,זיגפריד קליין,acharonei_zmanenu,1944,רב גרמני,נספים במחנה ההשמדה אושוויץ | אסירים בגטו לודז' | רבנים צבאיים | רבנים גרמנים | גרמנים שנולדו ב-1882 | גרמנים שנפטרו ב-1944
Q23729146,טוביאס יעקובוביץ,acharonei_zmanenu,1944,היסטוריון וחוקר של יהדות צ'כיה שניספה בשואה,אנשי חינוך יהודים צ'כים | היסטוריונים יהודים אוסטרים | היסטוריונים יהודים צ'כים | ספרנים ומידענים | יהודים בשואה: צ'כוסלובקיה | משפחת יעקובוביץ | היסטוריונים שנספו בשואה | אנשי חינוך שנספו בשואה | רבנים שנספו במחנה ההשמדה אושוויץ | ילידי 1887 | צ'כים שנפטרו ב-1944
Q59531107,יוסף זליקוביץ',acharonei_zmanenu,1944,,אסירים בגטו לודז' | סופרים כותבי יידיש | נספים במחנה ההשמדה אושוויץ | פולנים שנולדו ב-1897 | פולנים שנפטרו ב-1944
Q2691113,יחזקאל דוקקעס,acharonei_zmanenu,1944,רב וחוקר באלטונה,גנאלוגים יהודים | רבנים שנספו במחנה ההשמדה אושוויץ | ילידי 1868 | גרמנים שנפטרו ב-1944
Q3302312,מקס שלזינגר,acharonei_zmanenu,1944,"חוקר מקרא וספרן, פעיל ציוני, מראשוני האוניברסיטה העברית",היסטוריונים ישראלים
Q113355557,משה אהרון קרויס,acharonei_zmanenu,1944,,רבנים הונגרים | הונגרים שנולדו ב-1889 | הונגרים שנפטרו ב-1944
Q137016323,שמואל אביגדור דרצ'ינסקי,acharonei_zmanenu,1944,"רב בוולוז'ין, יבניאל וירושלים",ירושלים: רבני שכונות | משפחת חיים מוולוז'ין | רבנים בלארוסים | אנשי העלייה החמישית | ארץ-ישראלים שנפטרו ב-1944
Q115274039,שמואל בנימין דנציג,acharonei_zmanenu,1944,"רב ופעיל ציוני בעיר סיגט בהונגירה, ואחר כך ברומניה",רבנים טרנסילבנים | סיגט: רבנים | ציונות דתית: אישים | פעילים ציונים ברומניה | פעילים ציונים בהונגריה | רבנים שנספו במחנה ההשמדה אושוויץ | ילידי 1873 | נפטרים ב-1944
Q2516182,שמעון דה פריס,acharonei_zmanenu,1944,רב וסופר הולנדי,רבנים הולנדים | סופרים יהודים הולנדים | יהודים הולנדים | נספים במחנה הריכוז ברגן-בלזן | ילידי 1870 | הולנדים שנפטרו ב-1944
Q18811841,נתן קאסוטו,acharonei_zmanenu,1945,רופא איטלקי,רבנים איטלקים | רבנים שנספו בשואה | אסירים במחנה הריכוז אושוויץ | רופאים יהודים איטלקים | רופאי עיניים יהודים | משפחת קאסוטו | יהודים בשואה: איטליה | מוהלים | פירנצה: רבנים | יהודים שפעלו להצלה בתקופת השואה | מצילים יהודים בשואה | רופאים יהודים בשואה
Q3426366,רנה הירשלר,acharonei_zmanenu,1945,רב צרפתי,שטרסבורג: רבנים | מעוטרי צלב המלחמה 1939–1945 | מעוטרי מדליית הרזיסטנס | אסירים במחנה הריכוז מאוטהאוזן | רבנים שנספו בשואה | שטרסבורג: אישים | צרפתים שנולדו ב-1905 | צרפתים שנפטרו ב-1945
Q3057208,ארנסט וייל,acharonei_zmanenu,1947,רב צרפתי,רבנים צרפתים | מעוטרי אות לגיון הכבוד | שטרסבורג: רבנים | בוגרי בית המדרש לרבנים בברלין | צרפתים שנולדו ב-1865 | צרפתים שנפטרו ב-1947
Q106602287,בן ציון אברהם שפירא,acharonei_zmanenu,1947,,ירושלים: רבנים | אנשי היישוב הוותיק ילידי ארץ ישראל | אנשי היישוב הוותיק ילידי ארץ ישראל במאה ה-19
Q110892164,צבי הירש גרודזנסקי,acharonei_zmanenu,1947,,וילנה: רבנים | מהגרים מליטא לארצות הברית | אמריקאים שנולדו ב-1857 | אמריקאים שנפטרו ב-1947
Q12403375,אברהם חיים פריימן,acharonei_zmanenu,1948,חוקר משפט עברי,עובדי ייעוץ וחקיקה | אנשי העלייה החמישית | חוקרי משפט עברי | ראשוני האוניברסיטה העברית בירושלים | סגל בית המדרש לרבנים בברלין | זוכי פרס הרב קוק | יהודים הקבורים בבית הקברות סנהדריה | עורכי האנציקלופדיה המקראית | חללי שיירת הדסה | משפחת פריימן | גרמנים שנולדו ב-1899 | ארץ-ישראלים שנפטרו ב-1948
Q29033738,יוסף שאול אלישר,acharonei_zmanenu,1948,איש ציבור ואיש עסקים ירושלמי,גואלי אדמות בארץ ישראל | חברי אספת הנבחרים הראשונה | ירושלים: אישים | משפחת אלישר | אנשי היישוב הוותיק ילידי ארץ ישראל | מייסדי שכונות ירושלים | אנשי ועד העדה הספרדית בירושלים | אנשי ועד העדה הספרדית בישראל | סגל משגב לדך | יהודים הקבורים בבית הקברות סנהדריה | אנשי היישוב הוותיק ילידי ארץ ישראל במאה ה-19 | יהודים בארץ ישראל במחצית הראשונה של המאה ה-20
Q2896207,ריי פרנק,acharonei_zmanenu,1948,,אמריקאים ילידי קליפורניה | סן פרנסיסקו: אישים | דרשניות יהודיות | יהודים אמריקאים | פמיניסטיות דתיות | אמריקאיות שנולדו ב-1861 | אמריקאים שנולדו ב-1861 | אמריקאיות שנפטרו ב-1948 | אמריקאים שנפטרו ב-1948
Q749349,שמואל קרויס,acharonei_zmanenu,1948,היסטוריון וחוקר תלמוד (1866–1948),רבנים הונגרים | היסטוריונים יהודים הונגרים | היסטוריונים יהודים אוסטרים | חוקרי תולדות עם ישראל | חוקרי תקופת הבית השני | חוקרי תלמוד | חכמת ישראל: אישים | חוקרי יהדות | בוגרי בית המדרש לרבנים בבודפשט | סגל בית המדרש לרבנים בבודפשט | היסטוריונים יהודים בריטים | אנציקלופדיסטים יהודים
Q75333,יצחק יוליוס גוטמן,acharonei_zmanenu,1950,"הוגה דעות יהודי-גרמני, חוקר ומרצה בתחום הפילוסופיה היהודית",רבנים גרמנים | פילוסופים של היהדות | חוקרי יהדות גרמנים | חוקרי יהדות ישראלים | ראשוני האוניברסיטה העברית בירושלים | סגל האוניברסיטה העברית בירושלים: מחשבת ישראל | סגל בית המדרש הגבוה למדעי היהדות בברלין | אנשי העלייה החמישית | ישראלים ילידי גרמניה | יהודים הקבורים בבית הקברות סנהדריה | ישראלים שנולדו ב-1880 | ישראלים שנפטרו ב-1950
Q1809506,לזרוס גולדשמידט,acharonei_zmanenu,1950,,"חוקרי תלמוד | יהודים ליטאים | מתרגמי התנ""ך | מתרגמים מעברית לגרמנית | מתרגמים לגרמנית | ליטאים שנולדו ב-1871 | נפטרים ב-1950"
Q2060878,פנחס לצרוס,acharonei_zmanenu,1951,רב גרמני,אנשי חינוך יהודים גרמנים | רבנים צבאיים | רבנים גרמנים | ישראלים ילידי גרמניה | אנשי העלייה החמישית | יהדות ויסבאדן | בוגרי בית המדרש לרבנים בברסלאו | אישים הקבורים בבית הקברות חוף הכרמל | יהודים מעוטרי צלב הברזל | יהודים בצבא הגרמני במלחמת העולם הראשונה | ישראלים שנולדו ב-1888 | ישראלים שנפטרו ב-1951
Q12408253,יצחק טריואקס,acharonei_zmanenu,1952,עיתונאי וסופר ציוני,"מו""לים ישראלים | מו""לים יהודים פולנים | סופרים יהודים פולנים | סופרים כותבי יידיש | סופרים כותבי עברית | סופרים ביישוב | עיתונאים כותבי יידיש | סגל היינט | עורכי עיתונים ביישוב | עיתונאים כותבי עברית ביישוב | פעילים ציונים בפולין | פולקלוריסטים יהודים"
Q214279,הרמן שרייבר,acharonei_zmanenu,1954,פילוסוף ורב גרמני,רבנים בריטים | עיתונאים יהודים בריטים | פובליציסטים יהודים בריטים | פילוסופים יהודים בריטים | פילוסופים יהודים גרמנים | עיתונאים יהודים גרמנים | רבנים גרמנים | גרמנים שנולדו ב-1882 | גרמנים שנפטרו ב-1954
Q7003159,שמואל שמעון בן-ציון,acharonei_zmanenu,1954,"רב, פעיל ציוני ועסקן ציבור בארצות הברית ובארץ ישראל, מבוני ארץ ישראל בתקופת המנדט הבריטי",אנשי היישוב ילידי הארץ | קליבלנד: רבנים | ניו יורק: רבנים | פילדלפיה: רבנים | בנקאים ביישוב | קבלני בניין ארץ-ישראלים | חברי מועצת העיר תל אביב-יפו | מייסדי שכונות ירושלים | חיפה: מייסדי שכונות | תל אביב-יפו: מייסדי שכונות | משפחת בן-ציון | משפחת שטמפפר
Q15431441,ברנרד גרונר,acharonei_zmanenu,1955,חזן בית הכנסת בזאגרב,חזנים הונגרים | חזנים סלובקים | זאגרב: אישים | חזנים קרואטים | מלחינים יהודים | ניצולי השואה: קרואטיה | יהודים אוסטרו-הונגרים | ילידי 1894 | נפטרים ב-1955 | יוגוסלבים שנפטרו במאה ה-20 | קרואטים שנפטרו במאה ה-20
Q113375974,צבי דב אייזנר,acharonei_zmanenu,1955,"רב הונגרי שהיגר לארה""ב",רבנים אמריקאים | רבנים הונגרים | מהגרים מהונגריה לארצות הברית | אמריקאים שנולדו ב-1864 | אמריקאים שנפטרו ב-1955
Q216542,יצחק היינמן,acharonei_zmanenu,1957,רב ישראלי,"חוקרי ספרות ישראלים | חוקרי ספרות עברית | חוקרי מחשבת ישראל | סגל בית המדרש לרבנים בברסלאו | זוכי פרס ישראל למדעי היהדות | אנשי העלייה החמישית | ראשוני האוניברסיטה העברית בירושלים | עורכי עיתונים יהודים גרמנים | פילולוגים גרמנים | בלשנים ולשונאים יהודים גרמנים | חוקרי ספרות חז""ל | חוקרי העת הקלאסית"
Q6745072,היינריך אלפרין,acharonei_zmanenu,1958,,רבנים רומנים | בוקרשט: רבנים | בני ערובה יהודים ברומניה | מורים לרומנית | ילידי 1877 | רומנים שנפטרו ב-1958
Q6938030,מרדכי ליפסון,acharonei_zmanenu,1958,"שם העט של מרדכי יאבורובסקי, שהיה סופר ומתרגם פורה, ופולקלוריסט דו-לשוני, יידי ועברי",סופרים יהודים פולנים | רבנים פולנים | אנשי העלייה החמישית | אנשי חינוך יהודים | עורכי עיתונים ביידיש | עורכי עיתונים בשפה העברית | עורכי עיתונים ישראלים | עיתונאים כותבי יידיש | עיתונאים כותבי עברית | סופרים כותבי יידיש | סופרים כותבי עברית | סופרים ישראלים
Q3470060,סלומון פוליאקוב,acharonei_zmanenu,1958,רב צרפתי,רבנים צרפתים | מעוטרי צלב המלחמה 1914–1918 | יהודים אנשי הכוחות המזוינים של צרפת במלחמת העולם הראשונה | רבנים צבאיים | צרפתים שנולדו ב-1889 | צרפתים שנפטרו ב-1958
Q1166103,ארנה מרטון,acharonei_zmanenu,1960,"עיתונאי, סופר, עורך יהודי הונגרי",פוליטיקאים יהודים רומנים | היסטוריונים יהודים רומנים | עורכי עיתונים יהודים הונגרים | עורכי עיתונים יהודים רומנים | פעילים ציונים ברומניה | פעילים ציונים בהונגריה | ישראלים ילידי רומניה | עולים לאחר מלחמת העולם השנייה | עיתונאים רומנים כותבי הונגרית | סגל אוי קלט | אישים הקבורים בבית הקברות נחלת יצחק | יהודים חברי הפרלמנט הרומני
Q12407455,חיים הלר,acharonei_zmanenu,1960,חוקר הספרות התלמודית ותרגומי המקרא,"יהודים שהיגרו מפולין לארצות הברית | חוקרי תלמוד | חוקרי מקרא | אוטודידקטים יהודים | זוכי פרס הרב קוק | רבנים פולנים | סובאלק: רבנים | סגל ישיבה יוניברסיטי | ספר המצוות לרמב""ם: פרשנים, מתרגמים ומהדירים | אמריקאים שנולדו ב-1879 | אמריקאים שנפטרו ב-1960"
Q6080922,יחזקאל (איזידור) אפשטיין,acharonei_zmanenu,1962,רב בריטי,יהודים ליטאים | רבנים אנגלים | בוגרי אוניברסיטת לונדון | משפחת בוצ'קו | מתרגמים יהודים בריטים | מתרגמים מעברית לאנגלית | ילידי 1894 | בריטים שנפטרו ב-1962
Q42453997,עקיבא ברוך פוזנר,acharonei_zmanenu,1962,"רב, ספרן, ביבליוגרף וחוקר גרמני-ישראלי",רבנים גרמנים | ספרנים ומידענים ישראלים | ביבליוגרפים ישראלים | אנשי העלייה החמישית | בוגרי בית המדרש לרבנים בברלין | בוגרי אוניברסיטת הומבולדט של ברלין | בוגרי אוניברסיטת גטינגן | יהודים הקבורים בבית הקברות סנהדריה | סגל מכללת ליפשיץ | יהודים בצבא הגרמני במלחמת העולם הראשונה | ישראלים שנולדו ב-1890 | ישראלים שנפטרו ב-1962
Q18192038,יהודה סולודוחה,acharonei_zmanenu,1963,"בלשן, היסטוריון-מזרחי, פובליציסט",חוקרי תלמוד | יהודים ליטאים | יהודים בלארוסים | מתרגמים מעברית לרוסית | אישים שהשתתפו בוועידות הקונגרס הציוני העולמי | מזרחנים יהודים רוסים | עיתונאים כותבי עברית | עיתונאים יהודים סובייטים | ילידי 1877 | סובייטים שנפטרו ב-1963
Q21570418,חיים יחיאל מיכל ביק,acharonei_zmanenu,1964,,יהודים שהיגרו מרוסיה לארצות הברית | רבנים רוסים | מז'יבוז': רבנים | רבנים אמריקאים | אמריקאים שנולדו ב-1889 | אמריקאים שנפטרו ב-1964
Q108382168,אלתר מאיר,acharonei_zmanenu,1965,סופר יהודי.,סגל הארץ | ישראלים ילידי פולין | חוקרי יהדות ישראלים | אישים הקבורים בבית הקברות קריית שאול | אנשי העלייה החמישית | ישראלים שנולדו ב-1891 | ישראלים שנפטרו ב-1965
Q1648882,מרטין ריזנבורגר,acharonei_zmanenu,1965,,רבנים גרמנים | יהודים מזרח גרמנים | מקבלי תואר דוקטור לשם כבוד מאוניברסיטאות גרמניות | ניצולי השואה: גרמניה | גרמנים שנולדו ב-1896 | גרמנים שנפטרו ב-1965
Q4798009,ארתור בירם,acharonei_zmanenu,1967,מחנך ישראלי,בוגרי אוניברסיטת ברלין | ישראלים ילידי גרמניה | זוכי פרס ישראל לחינוך | אנשי העלייה השנייה | מנהלי בית הספר הריאלי | סגל בית הספר הריאלי | מורי בית הספר הריאלי זוכי פרס ישראל | יהודים בצבא הגרמני במלחמת העולם הראשונה | אזרחי כבוד של חיפה | זוכי פרס ישראל לשנת 1954 | אישים הקבורים בבית הקברות חוף הכרמל | פילוסופים ישראלים
Q41570455,ישראל גולדפרב,acharonei_zmanenu,1967,חזן ומלחין יהודי-אמריקאי,חזנים אמריקאים | מלחינים יהודים אמריקאים | מלחינים יהודים פולנים | ניו יורק: רבנים | מהגרים מאוסטריה לארצות הברית | אמריקאים שנולדו ב-1879 | אמריקאים שנפטרו ב-1967
Q6758332,מרכוס מלכיאור,acharonei_zmanenu,1969,רב דני,דנים במלחמת העולם השנייה | ילידי 1897 | נפטרים ב-1969
Q61125655,חיים יששכר אבולעפיה,acharonei_zmanenu,1970,,טבריה: רבנים | משפחת אבולעפיה | נושאי משרת חכם באשי | אנשי היישוב ילידי הארץ | אנשי ועד העדה הספרדית בישראל | יהודים הקבורים בבית הקברות בטבריה | ישראלים שנולדו ב-1884 | ישראלים שנפטרו ב-1970
Q13569735,חיים שמשון (הרברט) גולדשטיין,acharonei_zmanenu,1970,רב אמריקאי,רבנים אמריקאים | אמריקאים ילידי מדינת ניו יורק | ניו יורק: אישים | בוגרי אוניברסיטת קולומביה | אמריקאים שנולדו ב-1890 | אמריקאים שנפטרו ב-1970 | רבני הסתדרות הרבנים דאמריקה
Q1267648,ריכרד פדר,acharonei_zmanenu,1970,רב צ'כי,רבנים צ'כים | ניצולי השואה: צ'כיה | ילידי 1875 | צ'כוסלובקים שנפטרו ב-1970
Q4256459,יהודה לייב לוין (רב),acharonei_zmanenu,1971,רב רוסי,יהודים רוסים | יהודים אוקראינים | יהודים סובייטים | רבנים רוסים | מוסקבה: רבנים | רוסים שנולדו ב-1894 | סובייטים שנולדו ב-1894 | רוסים שנפטרו ב-1971
Q4865860,ברוך קורצווייל,acharonei_zmanenu,1972,מבקר ספרות ישראלי (1907–1972),ישראלים ילידי האימפריה האוסטרו-הונגרית | בוגרי אוניברסיטת גתה בפרנקפורט | חוקרי ספרות ישראלים | חוקרי שירה ישראלים | סופרים ישראלים | סופרים כותבי עברית | מבקרי ספרות ישראלים | סאטיריקנים ישראלים | אנשי העלייה החמישית | זוכי פרס ביאליק לספרות יפה | סגל אוניברסיטת בר-אילן: ספרות עם ישראל | מתאבדים: סופרים
Q463391,יעקב הרצוג,acharonei_zmanenu,1972,דיפלומט ישראלי,"מנכ""לי משרד ראש הממשלה | עובדי משרד החוץ | שגרירי ישראל בקנדה | ישראלים ילידי אירלנד | משפחת הרצוג | משפחת שחור | בוגרי האוניברסיטה העברית בירושלים: משפטים | יהודים הקבורים בבית הקברות סנהדריה | אישים שהונצחו על בולי ישראל | אישים שעל שמם ישיבות בישראל | צדק-מדות-מוסר | ישראלים שנולדו ב-1921"
Q111671506,יצחק שמואל עמנואל,acharonei_zmanenu,1972,רב והיסטוריון יליד יוון (1899–1972),חוקרי תולדות עם ישראל | בוגרי בית המדרש לרבנים בברסלאו | היסטוריונים יהודים | סלוניקי: יהודים | יהדות קוראסאו
Q113169271,שמואל ברליאנט,acharonei_zmanenu,1972,,אמריקאים ילידי וירג'יניה | ריצ'מונד (וירג'יניה): אישים | רבנים אמריקאים | אמריקאים שנולדו ב-1905 | אמריקאים שנפטרו ב-1972 | רבני הסתדרות הרבנים דאמריקה
Q2900920,אברהם יהודה גולדראט,acharonei_zmanenu,1973,פוליטיקאי ישראלי,אנשי העלייה החמישית | ישראלים ילידי פולין | חברי הכנסת מטעם חזית דתית מאוחדת | מנהלי ספריות בישראל | עורכי עיתונים בשפה העברית | רבנים ישראלים | אישים הקבורים בבית הקברות קריית שאול | עובדי עיריית תל אביב-יפו | ישראלים שנולדו ב-1912 | ישראלים שנפטרו ב-1973
Q12409274,מנחם גילוץ,acharonei_zmanenu,1974,ממייסדיי תל אביב,חברי פועלי ציון | אנשי העלייה השנייה | חובבי ציון | יהודים ליטאים | ציונים סוציאליסטים | תל אביב: מייסדים | תל אביב-יפו: אישים | מגורשי תל אביב | אישים הקבורים בבית הקברות טרומפלדור | ישראלים שנולדו ב-1884 | ישראלים שנפטרו ב-1974
Q2904171,עמרם בלוי,acharonei_zmanenu,1974,מייסד ומנהיג נטורי קרתא,ירושלים: אישים | אנשי היישוב ילידי הארץ | משפחת אורנשטיין | משפחת בלוי | מורשעים בעבירות על רקע אידאולוגי בישראל | נטורי קרתא: אישים | יהודים הקבורים בהר המנוחות | מאה שערים: אישים | אנטי-ציונים יהודים | ישראלים שנולדו ב-1894 | ישראלים שנפטרו ב-1974
Q19975484,צבי יעקב צימלס,acharonei_zmanenu,1974,היסטוריון יהודי-בריטי,רבנים אוקראינים | רבנים בריטים | רבנים אוסטרים | בריטים שנולדו ב-1900 | בריטים שנפטרו ב-1974
Q12407460,חיים זאב הירשברג,acharonei_zmanenu,1976,היסטוריון ישראלי,רבנים פולנים | יהודים גליציאנים | מזרחנים ישראלים | חוקרי יהדות ארצות האסלאם | אנציקלופדיסטים יהודים | עולים במלחמת העולם השנייה | ילדי טהראן | זוכי פרס יצחק בן-צבי | עובדי משרד הדתות | חוקרי יהדות מרוקו | עורכי האנציקלופדיה המקראית | עורכי האנציקלופדיה העברית
Q7026208,יוסף משה שכטר,acharonei_zmanenu,1976,רב הכותל הראשון לאחר שחרור העיר העתיקה,ירושלים: רבנים | ישראלים ילידי הונגריה | עולים במלחמת העולם השנייה | משפחת שאג-צוובנר | רבני הכותל המערבי | יהודים הקבורים בהר הזיתים: חלקת קהילת ירושלים | ישראלים שנולדו ב-1917 | ישראלים שנפטרו ב-1976
Q40235428,סיני אוקו,acharonei_zmanenu,1976,פילוסוף ישראלי,ישראלים ילידי גרמניה | אנשי העלייה החמישית | פילוסופים ישראלים | בוגרי אוניברסיטאות ומכללות בגרמניה | סגל אוניברסיטת תל אביב: חינוך | סגל האוניברסיטה העברית בירושלים: חינוך | פילוסופים של החינוך | נען: אישים | אישים הקבורים בנען | ישראלים שנולדו ב-1905 | ישראלים שנפטרו ב-1976 | זוכי פרס לעובדים בתחום החינוך העברי
Q1804960,שלמה רילף,acharonei_zmanenu,1976,סופר ישראלי,"מחברים | כותבי אוטוביוגרפיה ישראלים | גרמנים במלחמת העולם הראשונה | עיתונאים גרמנים | רבנים גרמנים | ישראלים ילידי גרמניה | רבנים צבאיים | אבות שכולים: חללי צה""ל | נהריה: אישים | אישים הקבורים בנהריה | ישראלים שנולדו ב-1896 | ישראלים שנפטרו ב-1976"
Q2299275,שניאור זלמן צייטלין,acharonei_zmanenu,1976,היסטוריון יהודי,יהודים שהיגרו מרוסיה לארצות הברית | היסטוריונים יהודים רוסים | היסטוריונים יהודים אמריקאים | רבנים בלארוסים | בעלי תואר דוקטור מאוניברסיטת פנסילבניה | סגל ישיבה יוניברסיטי | חוקרי נצרות | אמריקאים שנולדו ב-1892 | אמריקאים שנפטרו ב-1976 | בוגרי האקדמיה למדעי היהדות של הברון גינצבורג
Q3056989,ארנסט גוגנהיים,acharonei_zmanenu,1977,רב צרפתי,פריז: רבנים | צרפתים שנשבו במלחמת העולם השנייה | מעוטרי אות לגיון הכבוד | צרפתים שנולדו ב-1916 | צרפתים שנפטרו מסרטן | צרפתים שנפטרו ב-1977
Q12407992,יוסף היינימן,acharonei_zmanenu,1978,"רב, מורה וחוקר התפילה, הפיוט הקדום, התרגומים הארמיים, ספרות המדרש והאגדה. מחבר הספר ""התפילה בתקופת התנאים והאמוראים""",חוקרי תפילה ופיוט | חברי ברית חלוצים דתיים | ציונות דתית: אנשי חינוך | חוקרי מדרש ואגדה | חוקרי יהדות ישראלים | קינדר-טרנספורט | ישראלים ילידי גרמניה | בוגרי אוניברסיטת מנצ'סטר | בעלי תואר דוקטור מהאוניברסיטה העברית בירושלים | סגל האוניברסיטה העברית בירושלים: ספרות עברית | עולים לאחר קום המדינה: 1948–1950 | סגל אוניברסיטת בר-אילן: תלמוד ותורה שבעל-פה
Q5360772,אליעזר שמשון רוזנטל,acharonei_zmanenu,1979,רב ישראלי,אנשי חינוך ישראלים | הוגי דעות ישראלים | חוקרי תלמוד | ציונות דתית: מייסדי ארגונים ומוסדות | יהודים הקבורים בהר הזיתים: חלקת קהילת ירושלים | בעלי תואר דוקטור מהאוניברסיטה העברית בירושלים | סגל האוניברסיטה העברית בירושלים: תלמוד | ישראלים ילידי גרמניה | ישראלים שנולדו ב-1915 | ישראלים שנפטרו ב-1980
Q6285016,יוסף חיים לוקשטיין,acharonei_zmanenu,1979,רב אמריקאי,יהודים שהיגרו מרוסיה לארצות הברית | רבנים אמריקאים | נשיאי אוניברסיטת בר-אילן | אמריקאים שנולדו ב-1902 | אמריקאים שנפטרו ב-1979 | רבני הסתדרות הרבנים דאמריקה
Q3017893,דוד פיירוורקר,acharonei_zmanenu,1980,רב צרפתי,רבנים צרפתים | רבנים קנדים | מונטריאול: רבנים | מעוטרי צלב המלחמה 1939–1945 | צרפתים שנולדו ב-1912 | צרפתים שנפטרו ב-1980 | יהודים הקבורים בבית הקברות סנהדריה
Q7045622,טיבור רוזנבאום,acharonei_zmanenu,1980,איש עסקים,אנשי עסקים יהודים הונגרים | בנקאים יהודים הונגרים | יהודים בשואה: הונגריה | יהודים שפעלו להצלה בתקופת השואה | ראשי ההסתדרות הציונית | פעילים ציונים בשווייץ | פעילים ציונים בהונגריה | רבנים הונגרים | פעילי הצלה בשואה | יהודים הקבורים בהר המנוחות | הונגרים שנולדו ב-1923 | הונגרים שנפטרו ב-1980
Q12411185,ראובן פלדשוה,acharonei_zmanenu,1980,פעיל ציבור יהודי-פולני,רוויזיוניסטים | בוגרי השומר הצעיר | אנשי העלייה השלישית | רבנים פולנים | נספחי תרבות ישראלים | אסירים בגטו ורשה | כותבי יומן בשואה | ישראלים כותבי זיכרונות מהשואה | ניצולי השואה: פולין | אישים שהשתתפו בוועידות הקונגרס הציוני העולמי | עולים לאחר מלחמת העולם השנייה | חברי בני ברית ישראל
Q108692601,יהודה מנחם אלפונסו פצ'יפיצ'י,acharonei_zmanenu,1981,,"כפר הרא""ה: אישים | ישראלים ילידי איטליה | פעילים ציונים באיטליה | בוגרי אוניברסיטת פיזה | יהודים בצבא האיטלקי במלחמת העולם הראשונה | עורכי עיתונים יהודים איטלקים | מו""לים יהודים איטלקים | עורכי דין יהודים איטלקים | רבנים צבאיים | אישים הקבורים בבית הקברות פוניבז' | ישראלים שנולדו ב-1889 | ישראלים שנפטרו ב-1981"
Q16712033,יעקב פישמן,acharonei_zmanenu,1983,,רבנים רוסים | מוסקבה: רבנים | סובייטים שנולדו ב-1913 | רוסים שנפטרו ב-1983
Q379069,שלמה שונפלד,acharonei_zmanenu,1984,רב בריטי,רבנים בריטים | לונדון: רבנים | מצילי ילדים בשואה | מעוטרי אות גיבור השואה הבריטי | בריטים שנולדו ב-1912 | בריטים שנפטרו ב-1984
Q79017,אלכסנדר אלטמן,acharonei_zmanenu,1987,"חוקר יהדות, חי במערב אירופה ובארה""ב",מהגרים מהונגריה לארצות הברית | פילוסופים יהודים אמריקאים | חוקרי יהדות יהודים אמריקאים | סופרים יהודים אמריקאים | חוקרי מחשבת ישראל | חוקרי תנועת ההשכלה היהודית | חוקרי יהדות אשכנז | רבנים בריטים | מנצ'סטר: רבנים | פילוסופים יהודים בריטים | בוגרי בית המדרש לרבנים בברלין | בוגרי אוניברסיטת ברלין
Q650151,יעקב טאובס,acharonei_zmanenu,1987,סוציולוג גרמני,סוציולוגים יהודים גרמנים | פילוסופים יהודים גרמנים | חוקרי תולדות עם ישראל | סגל אוניברסיטת קולומביה | סגל אוניברסיטת פרינסטון | פילוסופים של המאה ה-20 | רבנים אוסטרים | מהגרים משווייץ לארצות הברית | אוסטרים שנולדו ב-1923 | נפטרים ב-1987
Q6847182,יהודה קומלוש,acharonei_zmanenu,1988,רב ישראלי,"בוגרי בית המדרש לרבנים בבודפשט | זוכי פרס ביאליק לחכמת ישראל | חוקרי מקרא | חוקרי מקרא ישראלים | יהודים הקבורים בהר המנוחות | סגל אוניברסיטת בר-אילן: תנ""ך | ישראלים ילידי הונגריה | עולים בשנות ה-1950 | עורכי האנציקלופדיה המקראית | רבנים הונגרים | ישראלים שנולדו ב-1913 | ישראלים שנפטרו ב-1988"
Q16128849,משה אביגדור שולוואס,acharonei_zmanenu,1988,היסטוריון יהודי,היסטוריונים יהודים פולנים | רבנים אמריקאים | בוגרי אוניברסיטת הומבולדט של ברלין | מהגרים מארץ-ישראל לארצות הברית | חוקרי יהדות יהודים אמריקאים | חוקרי תולדות עם ישראל | חוקרי תולדות עם ישראל בימי הביניים | חוקרי יהדות איטליה | היסטוריונים ביישוב | היסטוריונים יהודים אמריקאים | פלונסק: אישים | אמריקאים שנולדו ב-1909
Q7459226,סימור סיגל,acharonei_zmanenu,1988,רב אמריקאי,אמריקאים ילידי אילינוי | שיקגו: אישים | בוגרי אוניברסיטת שיקגו | סגל בית המדרש לרבנים באמריקה | חוקרי רפואה והלכה | נאו-קונסרבטיבים | אמריקאים שנולדו ב-1927 | אמריקאים שנפטרו ב-1988
Q88313,בנימין מורמלשטיין,acharonei_zmanenu,1989,רב אוסטרי,ערכים שבהם תבנית בריטניקה אינה מתאימה | אסירים בגטו טרזיינשטט | ניצולי השואה: אוסטריה | ניצולי השואה: צ'כיה | יהודים בשואה: אוסטריה | יהודים בשואה: צ'כוסלובקיה | יודנראט | וינה: רבנים | ילידי 1905 | אוסטרים שנפטרו ב-1989
Q953507,שלום בארון,acharonei_zmanenu,1989,היסטוריון יהודי אמריקאי,מהגרים לארצות הברית | היסטוריונים יהודים אמריקאים | חוקרי יהדות יהודים אמריקאים | יהודים פולנים | יהודים גליציאנים | עורכי דין יהודים אמריקאים | סגל אוניברסיטת קולומביה | יהודים חברי האקדמיה האמריקאית לאמנויות ולמדעים | משפט אייכמן: עדים | בוגרי בית המדרש לרבנים בברסלאו | בוגרי הגימנסיה העברית בקרקוב | בעלי תואר דוקטור מאוניברסיטת וינה
Q2901999,דוד דנינו,acharonei_zmanenu,1990,פוליטיקאי ישראלי,"חברי הכנסת האחת עשרה | חברי הכנסת מטעם המפד""ל | יהודים הקבורים בהר הזיתים: חלקת קהילת ירושלים | ישראלים ילידי מרוקו | עולים בשנות ה-1950 | פעילים ציונים במרוקו | ראשי מועצות דתיות בישראל | ראשי מועצת שלומי | ראשי רשויות מקומיות מטעם המפד""ל | ישראלים שנולדו ב-1924 | ישראלים שנפטרו ב-1990"
Q2947629,חיים יעקב רוטנברג,acharonei_zmanenu,1990,רב צרפתי,רבנים צרפתים | פריז: רבנים | בית הכנסת אגודת הקהילות | צרפתים שנולדו ב-1909 | צרפתים שנפטרו ב-1990
Q2901619,ראובן פלדמן,acharonei_zmanenu,1990,פוליטיקאי ישראלי,"חברי הכנסת מטעם מפא""י | אנשי העלייה החמישית | חברי הכנסת השנייה | ישראלים ילידי פולין | אישים הקבורים בבית הקברות נחלת יצחק | ציונים ילידי המאה ה-19: אנשי היישוב | ישראלים שנולדו ב-1899 | ישראלים שנפטרו ב-1990"
Q2900373,שמחה פרידמן,acharonei_zmanenu,1990,פוליטיקאי ישראלי,"חברי הכנסת השביעית | חברי הכנסת השמינית | חברי הכנסת מטעם המפד""ל | בוגרי בית המדרש לרבנים בברלין | אנשי חינוך יהודים גרמנים | אנשי חינוך ביישוב | אנשי חינוך ישראלים | טירת צבי: אישים | סגל בית הספר החקלאי מקוה ישראל | אנשי העלייה החמישית | ישראלים ילידי פולין | בוגרי אוניברסיטת הומבולדט של ברלין"
Q658735,אפרים אלימלך אורבך,acharonei_zmanenu,1991,חוקר יהדות ישראלי,"פעילים פוליטיים ישראלים | ישראלים ילידי פולין | אנשי העלייה החמישית | חברי המועצה להשכלה גבוהה | חברי האקדמיה הלאומית הישראלית למדעים | נשיאי האקדמיה הלאומית הישראלית למדעים | זוכי פרס רוטשילד | זוכי פרס ישראל למדעי היהדות | זוכי פרס ביאליק לחכמת ישראל | חוקרי יהדות ישראלים | חוקרי תלמוד | חוקרי ספרות חז""ל"
Q7057415,יעקב מלמד-כהן,acharonei_zmanenu,1991,"מחנך ואיש ציבור ירושלמי, חבר הנהלת הסתדרות המזרחי, וחבר ועד העדה הפרסית, ועד העדה הספרדית בירושלים ועוד",יקירי ירושלים | משפחת מלמד-כהן | אנשי היישוב ילידי הארץ | בוגרי תלמוד תורה דורש ציון | בוגרי בית המדרש למורים מזרחי | בוגרי האוניברסיטה העברית בירושלים | נחלאות: אישים | רבנים שיראזים | ישראלים שנולדו ב-1909 | ישראלים שנפטרו ב-1991
Q2821817,אברהם דויטש (רב צרפתי),acharonei_zmanenu,1992,,רבנים צרפתים | שטרסבורג: רבנים | יהודים הקבורים בהר הזיתים: חלקת הפרושים | עולים בשנות ה-1960 | ישראלים ילידי צרפת | שטרסבורג: אישים | ישראלים שנולדו ב-1902 | ישראלים שנפטרו ב-1992
Q4191720,אשר ציבעס,acharonei_zmanenu,1992,,רבנים | רבנים פולנים | פולנים שנולדו ב-1912 | פולנים שנפטרו ב-1992
Q7344850,רוברט גורדיס,acharonei_zmanenu,1992,,אמריקאים ילידי מדינת ניו יורק | ניו יורק: אישים | ברוקלין: אישים | סגל בית המדרש לרבנים באמריקה | אמריקאים שנולדו ב-1908 | אמריקאים שנפטרו ב-1992
Q112865100,חיים מנחם לויטס,acharonei_zmanenu,1994,,רבנים אמריקאים | רבנים קנדים | ירושלים: אישים | ישראלים ילידי ארצות הברית | עולים בשנות ה-1960 | רבנים ישראלים | יהודים הקבורים בבית הקברות סנהדריה | ישראלים שנולדו ב-1912 | ישראלים שנפטרו ב-1994
Q6289995,יהושע גולדברג,acharonei_zmanenu,1994,,יהודים שהיגרו מרוסיה לארצות הברית | כדורגלנים ארץ-ישראלים | בוגרי גימנסיה הרצליה | בוגרי היברו יוניון קולג' | רבנים אמריקאים | רבנים צבאיים אמריקאים | אמריקאים מעוטרי אות לגיון ההצטיינות | יהודים בצבא האימפריה הרוסית במלחמת העולם הראשונה | קצינים וחוגרים יהודים בצבא ארצות הברית | קצינים וחוגרים יהודים בצי ארצות הברית | חוגרים אמריקאים במלחמת העולם הראשונה | קצינים אמריקאים במלחמת העולם השנייה
Q12408037,יוסף שכטר,acharonei_zmanenu,1994,"פילוסוף, רב,  מוסמך לדיינות, תאולוג, הוגה דעות ומחנך ישראלי",יהודים גליציאנים | אנשי העלייה החמישית | פוזיטיביזם לוגי | פילוסופים יהודים אוסטרים | פילוסופים ישראלים | פילוסופים של המאה ה-20 | פילוסופים של היהדות | פילוסופים של הלשון | אנשי חינוך ישראלים | אנשי חינוך יהודים | סגל בית הספר הריאלי | סגל האקדמית גורדון
Q12410820,צבי חרמון,acharonei_zmanenu,1996,עובד רווחה ונציב שירות בתי הסוהר,ישראלים ילידי גרמניה | אנשי העלייה החמישית | נציבי בתי הסוהר | עובדים סוציאליים ישראלים | סגל האוניברסיטה העברית בירושלים: משפטים | אישים שעל שמם בתי סוהר בישראל | ישראלים שנולדו ב-1912 | ישראלים שנפטרו ב-1996
Q788197,רפאל פטאי,acharonei_zmanenu,1996,"חוקר פולקלור, אנתרופולוג, מזרחן והיסטוריון יהודי הונגרי-ישראלי-אמריקאי",אנתרופולוגים ישראלים | אנתרופולוגים יהודים | אנתרופולוגים אמריקאים | ישראלים ילידי הונגריה | אנשי העלייה החמישית | זוכי פרס ביאליק לחכמת ישראל | פולקלוריסטים יהודים | חוקרי יהדות ישראלים | חוקרי יהדות יהודים אמריקאים | מזרחנים ביישוב | מזרחנים יהודים אמריקאים | היסטוריונים של המזרח התיכון
Q12403366,אברהם ברון,acharonei_zmanenu,1998,חזן ומלחין מוזיקה ליטורגית יהודית - חזנות,חזנים ישראלים | חזנים פולנים | ישראלים ילידי פולין | מלחיני מוזיקה ליטורגית יהודית | מלחיני קטעי חזנות | אסירים בגטו לודז' | אסירים במחנה הריכוז אושוויץ | חזנים אמריקאים | מלחינים יהודים פולנים | מלחינים ישראלים | ישראלים שנולדו ב-1909 | ישראלים שנפטרו ב-1998
Q231354,צבי עזריה,acharonei_zmanenu,2002,"רב ופעיל ציוני ביוגוסלביה, גרמניה המערבית וישראל",רבני יישובים | רבנים יוגוסלבים | רבנים גרמנים | יוגוסלבים שנשבו במלחמת העולם השנייה | אנשי צבא יוגוסלבים | יוגוסלבים במלחמת העולם השנייה | ישראלים שנולדו ב-1913 | ישראלים שנפטרו ב-2002
Q6979292,דב רפל,acharonei_zmanenu,2003,היסטוריון ישראלי,סגל אוניברסיטת בר-אילן: חינוך | ציונות דתית: אנשי חינוך | קבוצת יבנה: אישים | בעלי תואר דוקטור מהאוניברסיטה העברית בירושלים | חוקרי תולדות עם ישראל | חוקרי יהדות ישראלים | סגל בית הספר החקלאי מקוה ישראל | אנשי העלייה החמישית | אישים הקבורים בקבוצת יבנה | ישראלים שנולדו ב-1916 | ישראלים שנפטרו ב-2003 | פילוסופים ישראלים
Q7068905,מאיר הרשקוביץ,acharonei_zmanenu,2003,"רב, מחנך, חוקר תפילה ויהדות, ואיש אקדמיה",חוקרי תפילה ופיוט | רבנים אמריקאים | חוקרי יהדות | עולים בשנות ה-1970 | אישים הקבורים בבית העלמין ארץ החיים בבית שמש | ישראלים שנולדו ב-1912 | ישראלים שנפטרו ב-2003
Q2960334,שארל טואטי,acharonei_zmanenu,2003,רב צרפתי,פילוסופים יהודים צרפתים | פילוסופים יהודים אלג'יראים | פילוסופים של היהדות | פילוסופים של המאה ה-20 | פריז: רבנים | מעוטרי אות לגיון הכבוד | בית הכנסת אוהל אברהם | צרפתים שנולדו ב-1925 | צרפתים שנפטרו ב-2003
Q7013081,אברהם בכר,acharonei_zmanenu,2004,רב ישראלי,ניצולי השואה: בולגריה | עולים לאחר קום המדינה: 1948–1950 | עסקני כדורגל ישראלים | רבנים בולגרים | רבנים ישראלים | יפו: רבנים | יפו: אישים | מוהלים ישראלים | ישראלים ילידי טורקיה | מכבי יפו | אישים הקבורים בבית העלמין הדרום | ישראלים שנולדו ב-1914
Q1263250,חיים מקובי,acharonei_zmanenu,2004,"חוקר , ספרן וסופר בריטי",אנשי צבא בריטים במלחמת העולם השנייה | יהודים בצבא הבריטי במלחמת העולם השנייה | יהודים אנגלים | היסטוריונים יהודים | חוקרי יהדות | סופרים אנגלים | היסטוריונים אנגלים | בריטים שנולדו ב-1924 | אנגלים שנפטרו ב-2004
Q12744890,צדיק דאנון,acharonei_zmanenu,2005,הרב הראשי ליהודי יוגוסלביה (1998-1972),סרייבו: רבנים | ספליט: רבנים | רבנים יוגוסלבים | יהודים בוסנים | יהודים קוסוברים | דיפלומטים יהודים | ילידי 1918 | נפטרים ב-2005
Q7900591,אוריאל דוידי,acharonei_zmanenu,2006,רב איראני,ישראלים ילידי איראן | טהראן: רבנים | עולים בשנות ה-1990 | נווה יעקב: אישים | ישראלים שנולדו ב-1922 | ישראלים שנפטרו ב-2006 | יהודים הקבורים בהר המנוחות
Q3302355,מקס ורשבסקי,acharonei_zmanenu,2006,רב צרפתי,עולים בשנות ה-1980 | פרטיזנים יהודים מצרפת | רבנים צרפתים | שטרסבורג: רבנים | פעילי מפלגת מימד | שטרסבורג: אישים | ישראלים שנולדו ב-1925 | ישראלים שנפטרו ב-2006
Q15455015,יהודה ניידיץ',acharonei_zmanenu,2007,רב אמריקאי,אמריקאים ילידי מרילנד | בולטימור: אישים | רבנים צבאיים אמריקאים | קצינים אמריקאים במלחמת העולם השנייה | אמריקאים שנולדו ב-1912 | אמריקאים שנפטרו ב-2007
Q6279840,יוסף צבי דונר,acharonei_zmanenu,2007,רב בריטי,רבנים גרמנים | לונדון: רבנים | בוגרי בית המדרש לרבנים בברלין | ילידי 1913 | בריטים שנפטרו ב-2007
Q16262711,פאול רויטמן,acharonei_zmanenu,2007,רב צרפתי,יהודים צרפתים | עולים בשנות ה-1970 | יהודים חברי הרזיסטאנס | בני עקיבא העולמית: אישים | צרפתים שנולדו ב-1920 | ישראלים שנפטרו ב-2007
Q2662497,שרווין ויין,acharonei_zmanenu,2007,רב אמריקאי,יהדות הומניסטית
Q119625,פליקס קרליבך,acharonei_zmanenu,2008,רב בריטי,משפחת קרליבך | רבנים גרמנים | רבנים צבאיים בריטים | לונדון: רבנים | מנצ'סטר: רבנים | בריטים שנולדו ב-1911 | גרמנים שנפטרו ב-2008 | בריטים שנפטרו ב-2008
Q30527492,סרג'יו יוסף סיארה,acharonei_zmanenu,2009,רב איטלקי,רבנים איטלקים | איטלקים שנולדו ב-1923 | איטלקים שנפטרו ב-2009
Q1231718,יעקב מילגרום,acharonei_zmanenu,2010,חוקר מקרא יהודי אמריקני,ערכים שבהם תבנית בריטניקה אינה מתאימה | אמריקאים ילידי מדינת ניו יורק | ניו יורק: אישים | ברוקלין: אישים | יהודים אמריקאים | סגל אוניברסיטת קליפורניה בברקלי | חוקרי מקרא | בוגרי בית המדרש לרבנים באמריקה | עורכי האנציקלופדיה המקראית | ישראלים ילידי ארצות הברית | טלביה: אישים | אמריקאים שנולדו ב-1923
Q120647,משה גרינברג,acharonei_zmanenu,2010,חוקר מקרא וסופר,ערכים שבהם תבנית בריטניקה אינה מתאימה | חוקרי מקרא ישראלים | ישראלים ילידי ארצות הברית | בעלי תואר דוקטור מאוניברסיטת פנסילבניה | זוכי פרס ישראל לחקר המקרא | ישראלים חברי האקדמיה האמריקאית לאמנויות ולמדעים | סגל האוניברסיטה העברית בירושלים: מקרא | עורכי האנציקלופדיה המקראית | זוכי מלגת גוגנהיים | ישראלים שנולדו ב-1928 | ישראלים שנפטרו ב-2010
Q65006953,חיים חמיאל,acharonei_zmanenu,2011,"איש חינוך, סופר ומשורר ישראלי",חוקרי מקרא ישראלים | משוררים ישראלים | בעלי תואר דוקטור מהאוניברסיטה העברית בירושלים | ישראלים ילידי פולין | עובדי הסוכנות היהודית | סגל מכללת ליפשיץ | סגל האוניברסיטה העברית בירושלים: חינוך | סגל אוניברסיטת בר-אילן: ספרות עם ישראל | יקירי ירושלים | יהודים הקבורים בהר המנוחות | ישראלים שנולדו ב-1917 | ישראלים שנפטרו ב-2011
Q12411250,רוברט ליברלס,acharonei_zmanenu,2012,היסטוריון ישראלי,היסטוריונים ישראלים | היסטוריונים יהודים אמריקאים | ישראלים ילידי ארצות הברית | סגל אוניברסיטת בן-גוריון בנגב: היסטוריה של עם ישראל | חוקרי יהדות גרמניה | בוגרי המכון הטכנולוגי של מסצ'וסטס | בעלי תואר דוקטור מבית המדרש לרבנים באמריקה | ישראלים שנולדו ב-1944 | ישראלים שנפטרו ב-2012 | אישים הקבורים בבית הקברות החדש בבאר שבע
Q16338369,אביגדור הורוויץ,acharonei_zmanenu,2013,"פרופסור מן המניין במחלקה למקרא, ארכאולוגיה והמזרח הקדום באוניברסיטת בן-גוריון בנגב, באר שבע","סגל אוניברסיטת בן-גוריון בנגב: מקרא, ארכאולוגיה והמזרח הקדום | היסטוריונים ישראלים | אשורולוגים | חוקרי מקרא ישראלים | ישראלים ילידי ארצות הברית | בוגרי אוניברסיטת טמפל | בעלי תואר דוקטור מהאוניברסיטה העברית בירושלים | ישראלים שנולדו ב-1948 | ישראלים שנפטרו ב-2013 | אישים הקבורים בבית הקברות החדש בבאר שבע"
Q2911065,עוזי משולם,acharonei_zmanenu,2013,רב ישראלי,"מורשעים בדין בישראל | יהוד-מונוסון: אישים | פעילים חברתיים מזרחים | פרשת ילדי תימן | 1994 בישראל | נכי צה""ל | ישראלים שנולדו ב-1952 | ישראלים שנפטרו ב-2013"
Q3378937,בן-עמי בן-ישראל,acharonei_zmanenu,2014,,אמריקאים ילידי אילינוי | שיקגו: אישים | עולים לא-יהודים | העבריים השחורים | אמריקאים שנולדו ב-1939 | ישראלים שנולדו ב-1939 | אמריקאים שנפטרו ב-2004 | ישראלים שנפטרו ב-2004
Q4357735,זלמן שחטר-שלומי,acharonei_zmanenu,2014,,מהגרים מבלגיה לארצות הברית | רבני התנועה להתחדשות יהודית | יהודים פולנים | פמיניסטים יהודים אמריקאים | ניצולי השואה: אוסטריה | ילדים בשואה: אוסטריה | ניצולי השואה: בלגיה | ילדים בשואה: בלגיה | מורים רוחניים יהודים | רבנים אמריקאים | אמריקאים שנולדו ב-1924 | אמריקאים שנפטרו ב-2014
Q983308,יוסף המדאני כהן,acharonei_zmanenu,2014,רב ראשי ליהדות איראן,טהראן: רבנים | איראנים שנולדו ב-1922 | איראנים שנפטרו ב-2014
Q1384317,יעקב ניוזנר,acharonei_zmanenu,2016,חוקר אמריקאי,אמריקאים ילידי קונטיקט | הרטפורד: אישים | ערכים שבהם תבנית בריטניקה אינה מתאימה | חוקרי מקרא | חוקרי תלמוד | חוקרי משנה | יהודים אמריקאים | בוגרי בית המדרש לרבנים באמריקה | אמריקאים שנולדו ב-1932 | אמריקאים שנפטרו ב-2016
Q595951,ג'וזי אייזנברג,acharonei_zmanenu,2017,,מנחי טלוויזיה צרפתים | פריז: רבנים | במאי קולנוע צרפתים | תסריטאים צרפתים | אישים שהועלו לקבורה בארץ ישראל | יהודים הקבורים בהר המנוחות | צרפתים שנולדו ב-1933 | צרפתים שנפטרו ב-2017
Q12411713,שלום אלבק,acharonei_zmanenu,2018,חוקר תלמוד ומשפט עברי,בוגרי האוניברסיטה העברית בירושלים | בעלי תואר דוקטור מהאוניברסיטה העברית בירושלים | חוקרי משפט עברי | חוקרי תלמוד | משפחת אלבק | סגל אוניברסיטת בר-אילן: משפטים | הרובע היהודי: אישים | ישראלים ילידי גרמניה | אנשי העלייה החמישית | חברי המועצה להשכלה גבוהה | יהודים הקבורים בהר הזיתים: חלקת קהילת ירושלים | ישראלים שנולדו ב-1931
Q107262864,דוד פוקס,acharonei_zmanenu,2019,רב ישראלי ומחנך,אנשי חינוך ישראלים | רבנים ישראלים | ישראלים ילידי ארצות הברית | עולים בשנות ה-1950 | יהודים הקבורים בהר המנוחות | ירושלים: אישים | משפחת פוקס | ישראלים שנולדו ב-1931 | ישראלים שנפטרו ב-2019
Q44641338,יאיר הופמן (חוקר המקרא),acharonei_zmanenu,2019,חוקר המקרא,"חוקרי מקרא ישראלים | בוגרי בית הספר יהלום (רמת גן) | בוגרי בית הספר אהל שם | חברי גרעיני נח""ל | בוגרי תנועת הצופים בישראל | סגל אוניברסיטת תל אביב: מקרא | בעלי תואר דוקטור מאוניברסיטת תל אביב | אלפי מנשה: אישים | אישים הקבורים בבית הקברות פרדס החיים בכפר סבא | ישראלים שנולדו ב-1937 | ישראלים שנפטרו ב-2019"
Q88946519,רומי כהן,acharonei_zmanenu,2020,רב אמריקאי. מייסד קרן אברהם הכהן,מוהלים | פרטיזנים יהודים מצ'כוסלובקיה | מהגרים מצ'כוסלובקיה לארצות הברית | ניצולי השואה: צ'כוסלובקיה | אמריקאים שנולדו ב-1929 | אמריקאים שנפטרו ב-2020
Q139496243,יצחק חלמיש,acharonei_zmanenu,2022,רב ישראלי,רבנים צבאיים ישראלים | רבני משטרת ישראל | אנשי שירות בתי הסוהר | יהודים הקבורים בהר המנוחות | ישראלים שנולדו ב-1945 | ישראלים שנפטרו ב-2022
Q76511363,מאיר אביטבול,acharonei_zmanenu,2023,,מנהלים ישראלים | ישראלים ילידי מרוקו | רבנים ישראלים | עולים בשנות ה-1980 | ישראלים שנולדו ב-1944 | ישראלים שנפטרו ב-2023
Q6981284,מייקל לרנר (רב),acharonei_zmanenu,2024,רב אמריקאי,אמריקאים ילידי ניו ג'רזי | ניוארק (ניו ג'רזי): אישים | רבנים אמריקאים | עורכי כתבי עת יהודים אמריקאים | פציפיסטים יהודים | פעילי עוז ושלום - נתיבות שלום | אישים שנפטרו בהמתת חסד | בוגרי אוניברסיטת קולומביה | בעלי תואר דוקטור מאוניברסיטת קליפורניה בברקלי | אמריקאים שנולדו ב-1943 | אמריקאים שנפטרו ב-2024
Q131314303,רצח צבי קוגן,acharonei_zmanenu,2024,,חטיפות | פעולות טרור ב-2024 | פיגועי טרור במהלך מלחמת חרבות ברזל | פיגועים נגד ישראלים בחוץ לארץ | איחוד האמירויות הערביות: היסטוריה | פיגועים נגד יהודים בחוץ לארץ | דובאי | טרור איראני | לוחמי חטיבת גבעתי | חללי טרור ישראלים לפי אירועי רצח
Q5241455,"זמרא, דוד בן שלמה אבן,",acharonim,1573,,
Q975883,יעקב קרנץ,acharonim,1804,,
