key,era,born,died,name,aliases,works,text
seder_hadorot:1,mikra,1,930,אדם,,,אדם (צדיק)
seder_hadorot:2,mikra,130,1042,שת,,,שת (צדיק)
seder_hadorot:3,mikra,395,1290,מהללאל,,,מהללאל
seder_hadorot:4,mikra,460,1422,ירד,,,ירד (צדיק)
seder_hadorot:5,mikra,622,987,חנוך,,,חנוך (צדיק)
seder_hadorot:6,mikra,687,1656,מתושלח,,,מתושלח (צדיק)
seder_hadorot:7,mikra,1056,2006,נח,,,נח (צדיק)
seder_hadorot:8,mikra,1056,2006,נח,,,נח (צדיק)
seder_hadorot:9,mikra,1558,2158,שם,,,שם (צדיק)
seder_hadorot:11,mikra,1658,2096,ארפכשד,,,ארפכשד
seder_hadorot:12,mikra,1723,2187,עבר,,,עבר (צדיק)
seder_hadorot:13,mikra,1948,2123,אברהם אבינו,,,אברהם אבינו
seder_hadorot:14,mikra,1948,2123,אברהם אבינו,,,אברהם אבינו
seder_hadorot:15,mikra,1958,2085,שרה אמנו,,,שרה אמנו
seder_hadorot:21,mikra,2034,2171,ישמעאל,,,הולדת ישמעאל
seder_hadorot:23,mikra,2048,2228,יצחק אבינו,,,יצחק אבינו
seder_hadorot:24,mikra,2075,2207,רבקה אמנו,,,רבקה אמנו (ויש אומרים לפני ויש אומרים אחרי)
seder_hadorot:28,mikra,2108,2255,יעקב אבינו,,,יעקב אבינו
seder_hadorot:29,mikra,,2123,אברהם אבינו,,,פטירת אברהם אבינו
seder_hadorot:30,mikra,2163,2216,לאה אמנו,,,"לאה אמנו (וי""א 2164, 2170, 2180 , ראה הערה 1 )"
seder_hadorot:31,mikra,2163,2207,רחל אמנו,,,"רחל אמנו (וי""א 2164, 2170, 2180 , ראה הערה 1 )"
seder_hadorot:38,mikra,2192,2317,ראובן בן יעקב,,,ראובן בן יעקב (י''ד כסלו)
seder_hadorot:39,mikra,2193,2313,שמעון בן יעקב,,,שמעון בן יעקב ( כ''ח טבת )
seder_hadorot:40,mikra,2194,2331,לוי בן יעקב,,,לוי בן יעקב ( ט''ז ניסן )
seder_hadorot:41,mikra,2194,2321,דן בן יעקב,,,דן בן יעקב ( ט' אלול )
seder_hadorot:42,mikra,2195,2327,נפתלי בן יעקב,,,נפתלי בן יעקב ( ה' תשרי )
seder_hadorot:43,mikra,2195,2314,יהודה בן יעקב,,,יהודה בן יעקב ( ט'ו סיון )
seder_hadorot:44,mikra,2196,2318,יששכר בן יעקב,,,יששכר בן יעקב ( י' אב )
seder_hadorot:45,mikra,2196,2321,גד בן יעקב,,,גד בן יעקב ( י' חשון )
seder_hadorot:46,mikra,2197,2321,זבולון בן יעקב,,,זבולון בן יעקב ( ד' תשרי )
seder_hadorot:47,mikra,2197,2320,אשר בן יעקב,,,אשר בן יעקב ( כ' שבט )
seder_hadorot:48,mikra,2199,2309,יוסף בן יעקב,,,יוסף בן יעקב ( א' או כ''ז תמוז )
seder_hadorot:52,mikra,,2207,רבקה אמנו,,,פטירת רבקה אמנו
seder_hadorot:53,mikra,2207,2318,בנימין בן יעקב,,,בנימין בן יעקב (יא חשון)
seder_hadorot:54,mikra,,2207,רחל אמנו,,,פטירת רחל אמנו
seder_hadorot:56,mikra,,2216,לאה אמנו,,,פטירת לאה אמנו
seder_hadorot:58,mikra,,2228,יצחק אבינו,,,פטירת יצחק אבינו
seder_hadorot:63,mikra,,2255,יעקב אבינו,,,פטירת יעקב אבינו
seder_hadorot:64,mikra,,2309,יוסף,,,פטירת יוסף (בן 110) (ספר שמות)
seder_hadorot:65,mikra,,2313,שמעון,,,פטירת שמעון (בן 120)
seder_hadorot:66,mikra,,2314,יהודה,,,פטירת יהודה (בן 119)
seder_hadorot:67,mikra,,2316,ראובן,,,פטירת ראובן (בן 124)
seder_hadorot:68,mikra,,2318,יששכר,,,פטירת יששכר (בן 122)
seder_hadorot:69,mikra,,2318,בנימין,,,פטירת בנימין (בן 111)
seder_hadorot:70,mikra,,2320,אשר,,,פטירת אשר (בן 123)
seder_hadorot:71,mikra,,2321,זבולון,,,פטירת זבולון (בן 124)
seder_hadorot:72,mikra,,2321,דן,,,פטירת דן (בן 127)
seder_hadorot:73,mikra,,2321,גד,,,פטירת גד (בן 125)
seder_hadorot:74,mikra,,2327,נפתלי,,,פטירת נפתלי (בן 132)
seder_hadorot:75,mikra,,2331,לוי,,,פטירת לוי (בן 137)
seder_hadorot:77,mikra,2361,2487,מרים הנביאה,,,"מרים הנביאה, אחות משה"
seder_hadorot:79,mikra,2365,2487,אהרן הכהן,,,אהרן הכהן
seder_hadorot:80,mikra,2368,2488,משה רבינו,,,משה רבינו
seder_hadorot:81,mikra,2406,2516,יהושע בן נון,,,יהושע בן נון
seder_hadorot:108,mikra,,2487,מרים,,,"פטירת מרים (י' ניסן) אהרן הכהן (ר""ח אב) , מלחמת עוג וסיחון, בלק ובלעם (ספר דברים)"
seder_hadorot:109,mikra,,2488,משה רבינו,,,"פטירת משה רבינו בז' אדר, התאבלו 30 יום"
seder_hadorot:118,mikra,,2515,יהושע בן נון,,,פטירת יהושע בן נון
seder_hadorot:120,mikra,,,עתניאל בן קנז,,,כהונת עתניאל בן קנז (ספר שופטים)
seder_hadorot:122,mikra,,,אהוד בן גרא,,,כהונת אהוד בן גרא
seder_hadorot:123,mikra,,,שמגר בן ענת,,,כהונת שמגר בן ענת
seder_hadorot:124,mikra,,,דבורה הנביאה,,,כהונת דבורה הנביאה וברק בן אבינועם
seder_hadorot:124b,mikra,,,ברק בן אבינועם,,,כהונת דבורה הנביאה וברק בן אבינועם
seder_hadorot:125,mikra,,,גדעון בן יהואש,,,כהונת גדעון בן יהואש
seder_hadorot:126,mikra,,,אבימלך בן גדעון,,,כהונת אבימלך בן גדעון
seder_hadorot:127,mikra,,,תולע בן פואה,,,כהונת תולע בן פואה
seder_hadorot:128,mikra,,,יאיר הגלעדי,,,כהונת יאיר הגלעדי
seder_hadorot:130,mikra,,,יפתח הגלעדי,,,כהונת יפתח הגלעדי
seder_hadorot:132,mikra,,,אבצן מבית לחם,,,כהונת אבצן מבית לחם
seder_hadorot:133,mikra,,,אילון הזבולוני,,,כהונת אילון הזבולוני
seder_hadorot:134,mikra,,,עבדון בן הלל הפרעתני,,,כהונת עבדון בן הלל הפרעתני
seder_hadorot:135,mikra,,,שמשון,,,כהונת שמשון
seder_hadorot:136,mikra,2830,2884,שמואל הנביא,,,שמואל הנביא
seder_hadorot:138,mikra,,,עלי הכהן,,,כהונת עלי הכהן
seder_hadorot:139,mikra,2854,2924,דוד המלך,,,דוד המלך
seder_hadorot:140,mikra,,,שמואל הנביא,,,כהונת שמואל הנביא
seder_hadorot:142,mikra,,,שאול המלך,,,"מלכות שאול המלך, נמשח למלך ע""י שמואל הנביא"
seder_hadorot:143,mikra,,,דוד המלך,,,"מלכות דוד המלך, נמשח למלך בגיל 29 , מלך בחברון 7 שנים ובירושלים 33 שנים, נתן הנביא, גד"
seder_hadorot:146,mikra,2912,2964,שלמה המלך,,,שלמה המלך
seder_hadorot:150,mikra,,2924,דוד המלך,,,פטירת דוד המלך בן 70
seder_hadorot:151,mikra,,,שלמה המלך,,,"מלכות שלמה המלך, בגיל 12 - עידו הנביא, אחיה השילוני הנביא"
seder_hadorot:154,mikra,,2964,שלמה המלך,,,פטירת שלמה המלך בן 52
seder_hadorot:156,mikra,,,רחבעם,,,מלכות רחבעם
seder_hadorot:157,mikra,,,ירבעם בן נבט,,,מלכות ירבעם בן נבט
seder_hadorot:158,mikra,,,אביה בן רחבעם,,,מלכות אביה בן רחבעם
seder_hadorot:159,mikra,,,אסא בן אביה,,,מלכות אסא בן אביה - ואליהו הנביא
seder_hadorot:160,mikra,,,נדב בן ירבעם,,,מלכות נדב בן ירבעם
seder_hadorot:161,mikra,,,בעשא בן אחיה,,,מלכות בעשא בן אחיה
seder_hadorot:162,mikra,,,אלה בן בעשא,,,מלכות אלה בן בעשא
seder_hadorot:163,mikra,,,זמרי,,,"מלכות זמרי שר מחצית הרכב, שבעה ימים בלבד"
seder_hadorot:164,mikra,,,עמרי,,,"מלכות עמרי מלך ותבני בן גינת במקביל,"
seder_hadorot:165,mikra,,,עמרי,,,מלכות עמרי לבדו
seder_hadorot:166,mikra,,,אחאב בן עמרי,,,מלכות אחאב בן עמרי
seder_hadorot:167,mikra,,,יהושפט בן אסא,,,מלכות יהושפט בן אסא
seder_hadorot:168,mikra,,,אחזיהו בן אחאב,,,מלכות אחזיהו בן אחאב
seder_hadorot:169,mikra,,,יהורם בן אחאב,,,מלכות יהורם בן אחאב
seder_hadorot:170,mikra,,,יהורם בן יהושפט,,,מלכות יהורם בן יהושפט - ונבואת עובדיה הנביא (ספר עובדיה)
seder_hadorot:171,mikra,,,אחזיהו בן יהורם,,,מלכות אחזיהו בן יהורם
seder_hadorot:172,mikra,,,יהוא בן יהושפט בן נמשי,,,"מלכות יהוא בן יהושפט בן נמשי נמשח ע""י אלישע הנביא"
seder_hadorot:174,mikra,,,עתליה בת אחאב,,,מלכות עתליה בת אחאב - ונבואת יונה הנביא (ספר יונה)
seder_hadorot:175,mikra,,,יואש בן אחזיהו,,,"מלכות יואש בן אחזיהו - כהונת יהוידע הכהן , ונבואת זכריה הנביא בן יהוידע והושע בן בארי (ספרים זכריה והושע)"
seder_hadorot:176,mikra,,,יהואחז בן יהוא,,,מלכות יהואחז בן יהוא
seder_hadorot:177,mikra,,,יואש בן יהואחז,,,מלכות יואש בן יהואחז
seder_hadorot:178,mikra,,,אמיציה בן יואש,,,מלכות אמיציה בן יואש - אמוץ הנביא
seder_hadorot:179,mikra,,,ירבעם בן יהואש,,,מלכות ירבעם בן יהואש
seder_hadorot:180,mikra,,,עוזיהו בן אמיציה,,,"מלכות עוזיהו בן אמיציה - ונבואת עמוס הנביא ישעיהו בן אמוץ הנביא ומיכה המורשתי (ספרים עמוס, ישעיה, מיכה)"
seder_hadorot:183,mikra,,,זכריה בן ירבעם,,,"מלכות זכריה בן ירבעם, מלך 6 חדשים"
seder_hadorot:184,mikra,,,שלם בן יבש,,,"מלכות שלם בן יבש, מלך חודש אחד"
seder_hadorot:185,mikra,,,מנחם בן גדי,,,מלכות מנחם בן גדי
seder_hadorot:186,mikra,,,פקחיה בן מנחם,,,מלכות פקחיה בן מנחם
seder_hadorot:187,mikra,,,פקח בן רמליהו,,,מלכות פקח בן רמליהו
seder_hadorot:188,mikra,,,יותם בן עוזיהו,,,מלכות יותם בן עוזיהו - ונבואת יואל הנביא (ספר יואל)
seder_hadorot:189,mikra,,,אחז בן יותם,,,מלכות אחז בן יותם
seder_hadorot:190,mikra,,,הושע בן אלה,,,מלכות הושע בן אלה
seder_hadorot:193,mikra,,,חזקיהו בן אחז,,,מלכות חזקיהו בן אחז
seder_hadorot:195,mikra,,,סנחריב,,,סנחריב נהיה מלך אשור
seder_hadorot:198,mikra,,,מנשה בן חזקיהו,,,"מלכות מנשה בן חזקיהו - ונבואת נחום הנביא, חבקוק הנביא וצפניה הנביא (ספרים נחום, חבקוק וצפניה)"
seder_hadorot:199,mikra,,,אמון בן מנשה,,,מלכות אמון בן מנשה - ונבואת חולדה הנביאה
seder_hadorot:200,mikra,,,יאשיהו בן אמון,,,מלכות יאשיהו בן אמון - ונבואת ירמיה הנביא (ספר ירמיה)
seder_hadorot:204,mikra,,,יהואחז בן יאשיהו,,,מלכות יהואחז בן יאשיהו (מלך 3 חדשים)
seder_hadorot:205,mikra,,,יהויקים בן יאשיהו,,,מלכות יהויקים בן יאשיהו
seder_hadorot:210,mikra,,,יהויכין בן יהויקים,יכניה,,מלכות יהויכין (יכניה) בן יהויקים (מלך 3 חדשים)
seder_hadorot:216,mikra,,,גדליהו בן אחיקם,,,נציבות גדליהו בן אחיקם 52 יום
seder_hadorot:220,mikra,,,דריוש המדי,,,מלכות דריוש המדי
seder_hadorot:226,mikra,,,אחשורוש,,,מלכות אחשורוש
seder_hadorot:229,mikra,,,דוריוש השני,,,מלכות דוריוש השני
seder_hadorot:231,zugot,,,שמעון הצדיק,,,כהונת שמעון הצדיק ככהן גדול משך 40 שנה
seder_hadorot:238,mikra,,3442,עזרא,,,פטירת עזרא ונחמיה (3448) ונפסקה הנבואה
seder_hadorot:238b,mikra,,3442,נחמיה,,,פטירת עזרא ונחמיה (3448) ונפסקה הנבואה
seder_hadorot:239,zugot,,,אלכסנדר מוקדון,,,"אלכסנדר מוקדון שלט בגיל 25 על 22 מדינות, ובסוף שלט על כל העולם"
seder_hadorot:241,zugot,,,אנטיגנוס איש סוכו,,,אנטיגנוס איש סוכו ובית דינו
seder_hadorot:244,zugot,,,יוסי בן יועזר,,,יוסי בן יועזר ויוסף בן יוחנן
seder_hadorot:244b,zugot,,,יוסף בן יוחנן,,,יוסי בן יועזר ויוסף בן יוחנן
seder_hadorot:246,zugot,,,יהושע בן פרחיה,,,יהושע בן פרחיה וניתאי הארבלי
seder_hadorot:246b,zugot,,,ניתאי הארבלי,,,יהושע בן פרחיה וניתאי הארבלי
seder_hadorot:247,zugot,,,אנטיוכוס הגדול,,,שלטון אנטיוכוס הגדול (הראשון)
seder_hadorot:249,zugot,,,סלוקום,,,שלטון סלוקום
seder_hadorot:250,zugot,,,אנטיוכוס אפיפנס,,,שלטון אנטיוכוס אפיפנס
seder_hadorot:251,zugot,,,אנטיוכוס הרשע,,,שלטון אנטיוכוס הרשע שהרבה להצר לישראל
seder_hadorot:254,zugot,,,יהודה בן טבאי,,,יהודה בן טבאי ושמעון בן שטח
seder_hadorot:254b,zugot,,,שמעון בן שטח,,,יהודה בן טבאי ושמעון בן שטח
seder_hadorot:258,zugot,,,יהודה המכבי,,,יהודה המכבי
seder_hadorot:259,zugot,,,יהונתן המכבי,,,יהונתן המכבי
seder_hadorot:260,zugot,,,שמעון המכבי,,,שמעון המכבי
seder_hadorot:261,zugot,,,יוחנן הורקנוס,ינאי,,יוחנן הורקנוס (ינאי)
seder_hadorot:262,zugot,,,אריסתובולוס,,,אריסתובולוס
seder_hadorot:263,zugot,,,אלכסנדר ינאי,,,אלכסנדר ינאי
seder_hadorot:264,zugot,,,אלכסנדרה,שלומציון המלכה,,אלכסנדרה (שלומציון המלכה)
seder_hadorot:265,zugot,,,אריסתובולוס בן שלומציון,,,אריסתובולוס בן שלומציון
seder_hadorot:266,zugot,,,הורקנוס בן שלומציון,,,הורקנוס בן שלומציון
seder_hadorot:267,zugot,,,אנטיגנוס בן אריסתובולוס,,,אנטיגנוס בן אריסתובולוס
seder_hadorot:268,zugot,,,שמעיה,,,שמעיה ואבטליון
seder_hadorot:268b,zugot,,,אבטליון,,,שמעיה ואבטליון
seder_hadorot:269,zugot,,,הורדוס,,,הורדוס (בעל מרים החשמונאית)
seder_hadorot:270,zugot,,,הלל,,,הלל ושמאי
seder_hadorot:270b,zugot,,,שמאי,,,הלל ושמאי
seder_hadorot:272,tannaim,3760,3880,רבי עקיבא,,,רבי עקיבא
seder_hadorot:273,tannaim,,,אריקלוס בן הורדוס,,,אריקלוס בן הורדוס
seder_hadorot:276,tannaim,,,רבן שמעון,,,רבן שמעון בנו של הלל הזקן
seder_hadorot:277,tannaim,,,הורדוס אנטיפטר,,,הורדוס אנטיפטר
seder_hadorot:278,tannaim,,,רבן גמליאל הזקן,,,רבן גמליאל הזקן
seder_hadorot:279,tannaim,,,אגריפס בן אריסטובלוס בן הורדוס הראשון,,,אגריפס בן אריסטובלוס בן הורדוס הראשון
seder_hadorot:280,tannaim,,,מונבז,,,מונבז בנו של הילני המלכה (גרים)
seder_hadorot:281,tannaim,,,רבן שמעון בן גמליאל,,,רבן שמעון בן גמליאל - נשיא
seder_hadorot:282,tannaim,,,רבן יוחנן בן זכאי,,,רבן יוחנן בן זכאי
seder_hadorot:286,tannaim,,,רבן גמליאל השני דיבנה,,,רבן גמליאל השני דיבנה - נשיא
seder_hadorot:288,tannaim,,,רבי עקיבא,,,רבי עקיבא
seder_hadorot:293,tannaim,,,רבן שמעון בן גמליאל,,,רבן שמעון בן גמליאל - נשיא (אושא)
seder_hadorot:294,tannaim,,,רבי יהודה הנשיא,,,"רבי יהודה הנשיא (סנהדרין בבית שערים, צפורי, טבריה )"
seder_hadorot:297,tannaim,,3979,רבי יהודה הנשיא,רבי,,"פטירת רבינו הקדוש רבי יהודה הנשיא ""רבי"""
seder_hadorot:302,tannaim,,,רבן גמליאל השלישי,,,רבן גמליאל השלישי בנו של רבי
seder_hadorot:304,amoraim,,4003,רב,,,פטירת רב בבבל
seder_hadorot:306,amoraim,,4010,שמואל,,,פטירת שמואל בבבל
seder_hadorot:308,amoraim,,4038,ריש לקיש,,,פטירת ריש לקיש
seder_hadorot:309,amoraim,,4039,רבי יוחנן,,,פטירת רבי יוחנן וחתימת התלמוד ירושלמי
seder_hadorot:310,amoraim,,,רבי יהודה נשיאה,,,רבי יהודה נשיאה
seder_hadorot:312,amoraim,,4057,רב הונא,,,פטירת רב הונא
seder_hadorot:313,amoraim,,4058,רב יהודה,,,פטירת רב יהודה
seder_hadorot:314,amoraim,,4069,רב חסדא,,,פטירת רב חסדא
seder_hadorot:315,amoraim,,4080,רב נחמן בר יעקב,,,פטירת רב נחמן בר יעקב
seder_hadorot:316,amoraim,,4082,רבה בר רב הונא,,,פטירת רבה בר רב הונא
seder_hadorot:317,amoraim,,4082,רב יוסף,,,פטירת רב יוסף
seder_hadorot:318,amoraim,,4094,רבה בר נחמני,,,פטירת רבה בר נחמני
seder_hadorot:319,amoraim,,4096,רב יוסף בר חמא,,,רב יוסף בר חמא
seder_hadorot:320,amoraim,,4097,אביי,,,פטירת אביי
seder_hadorot:321,amoraim,,4111,רבא,,,פטירת רבא
seder_hadorot:322,amoraim,,,רבי הלל הנשיא,,,רבי הלל הנשיא
seder_hadorot:325,amoraim,,4187,רב אשי,,,פטירת רב אשי
seder_hadorot:327,amoraim,,4260,רבינא,,,פטירת רבינא
seder_hadorot:333,geonim,4440,4512,רב אחאי משבחא,בעל השאילתות,שאילתות,"רב אחאי משבחא בעל ה""שאילתות"" גדול חכמי בבל בימיו"
seder_hadorot:334,geonim,,4635,רב עמרם גאון,בעל הסדר,סדר,רב עמרם גאון בעל ה'סדר' שהוא בסיס נוסח התפילה של כל עם ישראל
seder_hadorot:335,geonim,,4702,רב סעדיה גאון,"הרס""ג",,"רב סעדיה גאון הרס""ג"
seder_hadorot:336,geonim,4666,4766,רב שרירא גאון,בעל האגרת,אגרת,"רב שרירא גאון בעל ה'אגרת' דיין ואב""ד"
seder_hadorot:337,rishonim,4725,4800,רבנו גרשום מאור הגולה,,,רבנו גרשום מאור הגולה
seder_hadorot:338,geonim,4729,4798,רב האי גאון,,,רב האי גאון
seder_hadorot:339,rishonim,4740,4810,רבינו חננאל,,,רבינו חננאל
seder_hadorot:340,rishonim,4760,4810,רב ניסים גאון,,,רב ניסים גאון
seder_hadorot:341,rishonim,,4816,רבי שמואל הנגיד,,,רבי שמואל הנגיד
seder_hadorot:343,rishonim,4773,4863,"הרי""ף",,,"הרי""ף"
seder_hadorot:344,rishonim,4782,4830,רב שלמה אבן גבירול,"רשב""ג | בעל האזהרות",האזהרות,"רב שלמה אבן גבירול (רשב""ג) בעל ""האזהרות"", תלמיד רב האי גאון ורבו של רש""י."
seder_hadorot:345,rishonim,,4830,רבי משה הדרשן,,,"רבי משה הדרשן רבו של רש""י, הערוך ושל הבעל המאור ועוד."
seder_hadorot:346,rishonim,4798,4866,רבי נתן בר יחיאל,בעל הערוך,הערוך,"רבי נתן בר יחיאל בעל ""הערוך"" תלמיד של רבינו חננאל ורבי משה הדרשן"
seder_hadorot:347,rishonim,,4886,רבי קלונימוס הזקן,,,"רבי קלונימוס הזקן (ע' רש""י ביצה כד סע""ב)"
seder_hadorot:348,rishonim,4800,4865,רבי שלמה יצחקי,"רש""י",,"רש""י רבי שלמה יצחקי הפרשן הגדול של התורה, הנ""ך והתלמוד."
seder_hadorot:349,rishonim,4810,4880,רבי בחיי,בעל חובות הלבבות,חובות הלבבות,"רבי בחיי בעל ""חובות הלבבות"""
seder_hadorot:350,rishonim,4825,4895,רבי אברהם בר-חייא,בעל ספר העיבור,ספר העיבור,"רבי אברהם בר-חייא בעל ""ספר העיבור"""
seder_hadorot:351,rishonim,4834,4901,רבי יהודה הלוי,בעל הכוזרי,הכוזרי,"רבי יהודה הלוי בעל ""הכוזרי"""
seder_hadorot:352,rishonim,4837,4901,"הר""י מיגש",,,"הר""י מיגש תלמיד הרי""ף"
seder_hadorot:353,rishonim,,4865,רבי שמחה מויטרי,בעל המחזור,מחזור,"רבי שמחה מויטרי בעל ה""מחזור"" תלמידו של רש""י, גיסו של ר""ת"
seder_hadorot:354,rishonim,4845,4900,"ריב""ן",,,"ריב""ן חתנו ותלמידו של רש""י"
seder_hadorot:355,rishonim,4845,4934,"רשב""ם",,,"רשב""ם נכד של רש""י אחיו ותלמיד של ר""ת"
seder_hadorot:356,rishonim,4849,4924,רבי אברהם אבן עזרא,,,רבי אברהם אבן עזרא
seder_hadorot:357,rishonim,4850,4930,"הראב""ן",,,"הראב""ן תלמיד הריב""א"
seder_hadorot:358,rishonim,4860,4931,רבנו תם,,,"רבנו תם נכד רש""י גדול בדורו"
seder_hadorot:359,rishonim,4870,4925,רבי מימון,,,"רבי מימון אבי הרמב""ם תלמיד הר""י מיגש"
seder_hadorot:360,rishonim,4870,4949,רבי אברהם בר יצחק,"הראב""ד | בעל האשכול",האשכול,"הראב""ד רבי אברהם בר יצחק בעל ""האשכול"" חמיו של הראב""ד בעל ההשגות"
seder_hadorot:361,rishonim,,4950,"ר""י הזקן",,,"ר""י הזקן אחיינו ותלמידו של ר""ת"
seder_hadorot:362,rishonim,,4970,רבי יצחק בן אברהם,"הריצב""א",,"הריצב""א רבי יצחק בן אברהם"
seder_hadorot:363,rishonim,4875,4958,רבי אליעזר ממיץ,בעל היראים,היראים,"רבי אליעזר ממיץ ""היראים"" תלמיד ר""ת"
seder_hadorot:364,rishonim,4880,4958,רבי אברהם בן דוד מפושקירא,"הראב""ד השלישי | בעל ההשגות",ההשגות,"הראב""ד השלישי רבי אברהם בן דוד מפושקירא בעל ההשגות"
seder_hadorot:365,rishonim,4882,4953,רבי יצחק בר אבא מרי ממרשליה,בעל העיטור,העיטור,"רבי יצחק בר אבא מרי ממרשליה בעל ""העיטור"""
seder_hadorot:366,rishonim,4895,4946,רבי זרחיה הלוי,"הרז""ה | בעל המאור",המאור,"הרז""ה רבי זרחיה הלוי בעל ""המאור"""
seder_hadorot:367,rishonim,4895,4965,"הרמב""ם",בעל משנה תורה,משנה תורה,"הרמב""ם ""משנה תורה"""
seder_hadorot:368,rishonim,4900,4962,רבי ברוך בן יצחק,בעל ספר התרומה,ספר התרומה,"רבי ברוך בן יצחק בעל ""ספר התרומה"" תלמידו של ר""י הזקן"
seder_hadorot:369,rishonim,4900,4985,רבי אליעזר בן יואל הלוי,"הראבי""ה",,"הראבי""ה רבי אליעזר בן יואל הלוי נכד הראב""ן"
seder_hadorot:370,rishonim,4910,4977,רבי יהודה החסיד,,,רבי יהודה החסיד
seder_hadorot:371,rishonim,4910,4990,"רבי שמעון משאנץ ב""ר אברהם","הרשב""א",,"רבי שמעון משאנץ ב""ר אברהם (הרשב""א) תלמיד ר""י הזקן"
seder_hadorot:372,rishonim,,,רבי שמשון בן אברהם,השר מקוצי,,"רבי שמשון בן אברהם ""השר מקוצי"" גיסו של סמ""ג, תלמיד ר""י הזקן, רבו של האור זרוע."
seder_hadorot:373,rishonim,4915,4975,רבי אברהם בר נתן הירחי,בעל המנהיג,המנהיג,"רבי אברהם בר נתן הירחי בעל ""המנהיג"""
seder_hadorot:374,rishonim,4920,4995,רבי דוד קמחי,"הרד""ק | בעל השורשים | בעל מכלול",השורשים | מכלול,"רבי דוד קמחי ""הרד""ק על התנ""ך"" ""השורשים"" ""מכלול"""
seder_hadorot:375,rishonim,4925,4998,רבי אליעזר בן יהודה מגרמיזא,בעל הרוקח,הרוקח,"רבי אליעזר בן יהודה מגרמיזא בעל ""הרוקח"""
seder_hadorot:376,rishonim,4926,4984,"רבי יהודה ב""ר יצחק שירליאון",,,"רבי יהודה ב""ר יצחק שירליאון תלמיד ר""י הזקן, רבו של האור זרוע ושל רבי משה מקוצי"
seder_hadorot:377,rishonim,4930,5004,רבי מאיר טודרוס הלוי,"הרמ""ה",,"רבי מאיר טודרוס הלוי (הרמ""ה)"
seder_hadorot:378,rishonim,4940,5010,רבי ישעיה די טראני,"בעל תוס' רי""ד | תוס' רי""ד",,"רבי ישעיה די טראני בעל תוס' רי""ד"
seder_hadorot:379,rishonim,4940,5010,רבי יצחק בר משה,בעל אור זרוע,אור זרוע,"רבי יצחק בר משה בעל ""אור זרוע"" רבו של מהר""ם מרוטנבורג, תלמיד ר""י חסיד והרוקח"
seder_hadorot:380,rishonim,4950,5015,רבי שמואל בר יצחק הסרדי,בעל ספר התרומות,ספר התרומות,"רבי שמואל בר יצחק הסרדי בעל ""ספר התרומות"" מתלמידי הרמב""ן"
seder_hadorot:381,rishonim,4950,5020,רבי משה בר יעקב מקוצי,"בעל הסמ""ג | הסמ""ג","הסמ""ג","רבי משה בר יעקב מקוצי בעל ""הסמ""ג"""
seder_hadorot:382,rishonim,4950,4998,רבי משלם בן משה מבדרש,בעל ההשלמה,ההשלמה,"רבי משלם בן משה מבדרש בעל ""ההשלמה"""
seder_hadorot:383,rishonim,4954,5030,רבי משה בן נחמן גירונדי,,,"רבי משה בן נחמן גירונדי (מגירונה) הרמב""ן, רבם של הרשב""א והרא""ה."
seder_hadorot:384,rishonim,4960,5024,רבי יונה גירונדי החסיד,בעל שערי תשובה,שערי תשובה,"רבי יונה גירונדי החסיד בעל ""שערי תשובה"" רבו של הרשב""א"
seder_hadorot:385,rishonim,,5026,רבי יחיאל מפריס,,,"רבי יחיאל מפריס רבו של הסמ""ק"
seder_hadorot:386,rishonim,4970,5020,רבי צדקיהו בן אברהם הרופא,בעל שיבולי הלקט,שיבולי הלקט,"רבי צדקיהו בן אברהם הרופא, בעל ""שיבולי הלקט"""
seder_hadorot:387,rishonim,4970,5040,רבי יצחק מקורביל,"בעל הסמ""ק | הסמ""ק","הסמ""ק","רבי יצחק מקורביל בעל ""הסמ""ק"""
seder_hadorot:388,rishonim,4980,5053,"מהר""מ מרוטנבורג",,,"מהר""מ מרוטנבורג, רבו של הרא""ש, המרדכי, ההגהות מימוניות, שערי דורא, התשב""ץ"
seder_hadorot:389,rishonim,4995,5060,רבי אהרן הלוי,"הרא""ה",,"רבי אהרן הלוי (הרא""ה) תלמיד הרמב""ן ורבו של הריטב""א. חבירו של הרשב""א."
seder_hadorot:390,rishonim,4995,5070,רבי שלמה בן אדרת,"הרשב""א",,"רבי שלמה בן אדרת (הרשב""א) , תלמיד רבינו יונה"
seder_hadorot:391,rishonim,,5040,רבי אהרן בן יעקב הכהן,בעל האורחות חיים,אורחות חיים,"רבי אהרן בן יעקב הכהן, בעל ""האורחות חיים"""
seder_hadorot:392,rishonim,,5060,רבנו פרץ בן אליהו מקורביל,,,רבנו פרץ בן אליהו מקורביל
seder_hadorot:393,rishonim,,5065,רבי משה די-ליאון,,,רבי משה די-ליאון
seder_hadorot:394,rishonim,5000,5058,רבי מרדכי בר הלל הקדוש,בעל המרדכי,המרדכי,"רבי מרדכי בר הלל הקדוש בעל ""המרדכי"""
seder_hadorot:396,rishonim,5009,5075,רבי מנחם בן שלמה,המאירי,,רבי מנחם בן שלמה (המאירי)
seder_hadorot:397,rishonim,,5080,רבי יצחק בן מאיר,בעל שערי דורא,שערי דורא,"רבי יצחק בן מאיר, בעל ""שערי דורא"" תלמיד מהר""ם"
seder_hadorot:398,rishonim,5010,5085,רבי אשר בן יחיאל,"הרא""ש",,"רבי אשר בן יחיאל (הרא""ש)"
seder_hadorot:399,rishonim,5010,5090,רבי יום טוב בן אברהם אלאשבילי,"הריטב""א",,"רבי יום טוב בן אברהם אלאשבילי (הריטב""א) , תלמיד הרשב""א והרא""ה"
seder_hadorot:400,rishonim,5029,5103,רבי יעקב בן אשר,בעל הטורים,הטורים,"רבי יעקב בן אשר, בעל הטורים"
seder_hadorot:401,rishonim,5040,5100,רבי ישעיה אחרון,"ריא""ז",,"רבי ישעיה אחרון (ריא""ז)"
seder_hadorot:402,rishonim,5048,5104,רבי לוי בן גרשום,"רלב""ג",,"רלב""ג רבי לוי בן גרשום (פרובנס)"
seder_hadorot:403,rishonim,,5094,"רבנו ירוחם ב""ר משולם",,,"רבנו ירוחם ב""ר משולם תלמיד הרא""ש"
seder_hadorot:404,rishonim,,5100,רבי דוד יוסף,אבודרהם,,"אבודרהם רבי דוד יוסף, תלמיד הטור"
seder_hadorot:405,rishonim,,5109,רבי אלכסנדר זוסלין הקדוש,בעל האגודה,האגודה,"רבי אלכסנדר זוסלין הקדוש, בעל ""האגודה"""
seder_hadorot:406,rishonim,5060,5110,רבי וידאל די טולשא,בעל המגיד משנה,מגיד משנה,"רבי וידאל די טולשא, בעל ""המגיד משנה"" חברו של הר""ן"
seder_hadorot:407,rishonim,5080,5150,רבי ניסים בן ראובן,"הר""ן",,"הר""ן רבי ניסים בן ראובן נחשב לפוסק הדור"
seder_hadorot:408,rishonim,,,"ר' שמעון ב""ר אליעזר",בעל ברוך שאמר,ברוך שאמר,"ר'שמעון ב""ר אליעזר, בעל ""ברוך שאמר"""
seder_hadorot:409,rishonim,5086,5168,רבי יצחק בר ששת,"ריב""ש",,"ריב""ש רבי יצחק בר ששת תלמיד הר""ן"
seder_hadorot:410,rishonim,5100,5160,רבי יוסף חביבה,בעל נימוקי יוסף,נימוקי יוסף,"נימוקי יוסף רבי יוסף חביבה תלמיד הר""ן"
seder_hadorot:411,rishonim,5100,5190,רבי חסדאי קרשקש,,,"רבי חסדאי קרשקש תלמיד הר""ן"
seder_hadorot:412,rishonim,5115,5187,רבי יעקב בן משה מולין הלוי,"מהרי""ל",,"מהרי""ל רבי יעקב בן משה מולין הלוי מייסד מנהגי אשכנז"
seder_hadorot:413,rishonim,5120,5223,רבי יצחק קנפטון,,דרכי הגמרה,רבי יצחק קנפטון (דרכי הגמרה) רבו של רבי יצחק אבוהב
seder_hadorot:414,rishonim,5121,5204,רבי שמעון בן צמח דוראן,"רשב""ץ",,"רשב""ץ רבי שמעון בן צמח דוראן תלמיד הר""ן"
seder_hadorot:415,rishonim,5140,5204,רבי יוסף אלבו,בעל העיקרים,העיקרים,"רבי יוסף אלבו בעל ""העיקרים"""
seder_hadorot:416,rishonim,,5210,רבי יעקב וויל,"מהרי""ו",,"מהרי""ו רבי יעקב וויל תלמיד המהרי""ל"
seder_hadorot:417,rishonim,5143,5253,רבי יצחק אבוהב,בעל מנורת המאור,מנורת המאור,"רבי יצחק אבוהב בעל ""מנורת המאור"" רבו של רבי אברהם זכות ורבי יעקב בירב"
seder_hadorot:418,rishonim,5150,5220,רבי ישראל איסרלן,בעל תרומת הדשן,תרומת הדשן,"רבי ישראל איסרלן בעל ""תרומת הדשן"""
seder_hadorot:419,rishonim,5160,5227,רבי שלמה בן שמעון,"רשב""ש",,"רשב""ש רבי שלמה בן שמעון בנו של הרשב""ץ"
seder_hadorot:420,rishonim,5180,5240,רבי יוסף קולון,"מהרי""ק",,"מהרי""ק רבי יוסף קולון"
seder_hadorot:421,rishonim,5180,5253,רבי יעקב לנדא,בעל האגור,האגור,"רבי יעקב לנדא בעל ""האגור"" תלמיד המהרי""ק"
seder_hadorot:422,rishonim,5180,5254,רבי יצחק עראמה,,עקידת יצחק,רבי יצחק עראמה (עקידת יצחק)
seder_hadorot:423,rishonim,5191,5292,רבי שלמה מולכו,,,"רבי שלמה מולכו הי""ד תלמיד מרן ומהר""י טאיצק"
seder_hadorot:424,rishonim,5197,5268,רבנו יצחק אברבנל,,,דון רבנו יצחק אברבנל
seder_hadorot:425,rishonim,,5250,רבי יצחק די ליאון,,,רבי יצחק די ליאון
seder_hadorot:426,rishonim,,5274,רבי צמח בן שלמה דוראן,,יכין ובועז,"רבי צמח בן שלמה דוראן (שו""ת יכין ובועז) בנו של הרשב""ש ונכדו של התשב""ץ"
seder_hadorot:427,rishonim,5200,5275,רבי אברהם זכות,בעל ספר היוחסין,ספר היוחסין,"רבי אברהם זכות בעל ""ספר היוחסין"" תלמיד מהר""י אבוהב"
seder_hadorot:428,rishonim,5205,5290,רבי עובדיה מברטנורא,,,"רבי עובדיה מברטנורא תלמיד המהרי""ק"
seder_hadorot:429,rishonim,,,רבי יצחק קארו,,,רבי יצחק קארו דודו ורבו של מרן
seder_hadorot:430,rishonim,,,רבי יוסף וירגא,בעל שארית יוסף,שארית יוסף,"רבי יוסף וירגא בעל ""שארית יוסף"" מרבותיו של מהר""י טאיטאצק"
seder_hadorot:431,rishonim,5212,5285,"הרא""ם",בעל מזרחי,מזרחי,"הרא""ם בעל ספר ""מזרחי"""
seder_hadorot:432,rishonim,5219,5276,רבי יעקב בן חביב,בעל עין יעקב,עין יעקב,"רבי יעקב בן חביב בעל ""עין יעקב"""
seder_hadorot:433,acharonim,5220,5302,רבי משה אלשקר,,,רבי משה אלשקר
seder_hadorot:434,acharonim,5230,5306,רבי עובדיה ספורנו,,,רבי עובדיה ספורנו
seder_hadorot:435,acharonim,5230,5306,רבי יוסף טאיטאצק,,,"רבי יוסף טאיטאצק רבו של מהרדש""ם, מהר""מ אלשיך, ר""ש אלקבץ"
seder_hadorot:436,acharonim,5234,5306,רבי יעקב בי רב,,,רבי יעקב בי רב רבו של מרן
seder_hadorot:437,acharonim,,5313,רבי יהושע בועז,בעל שלטי גבורים | בעל תורה אור | בעל נר מצוה | בעל עין משפט,שלטי גבורים | תורה אור | נר מצוה | עין משפט,"רבי יהושע בועז בעל ""שלטי גבורים"" ""תורה אור"" ""נר מצוה"" ""עין משפט"""
seder_hadorot:438,acharonim,5240,5304,רבי לוי אבן חביב,"רלב""ח",,"רבי לוי אבן חביב (רלב""ח) בנו של העין יעקב ורבו של הרשד""ם"
seder_hadorot:439,acharonim,5240,5334,רבי דוד בן זמרא,"הרדב""ז",,"הרדב""ז רבי דוד בן זמרא רבו של השיטה מקובצת והמהריק""ש"
seder_hadorot:440,acharonim,5248,5335,רבי יוסף קארו,"הב""י | בעל השולחן ערוך | בעל כסף משנה",שולחן ערוך | כסף משנה,"רבי יוסף קארו הב""י בעל ה""שולחן ערוך"" ""כסף משנה"""
seder_hadorot:441,acharonim,,,רבי אברהם בן עזוז,בעל לחם אבירים,לחם אבירים,"רבי אברהם בן עזוז בעל ""לחם אבירים"""
seder_hadorot:443,acharonim,5260,5340,רבי יוסף בן לב,"מהריב""ל",,"מהריב""ל רבי יוסף בן לב"
seder_hadorot:444,acharonim,5260,5340,רבי משה ברבי יוסף מטיראני,"המבי""ט",,"המבי""ט רבי משה ברבי יוסף מטיראני"
seder_hadorot:445,acharonim,5265,5344,רבי שלמה אלקבץ הלוי,,,"רבי שלמה אלקבץ הלוי גיסו (אחי אשתו) של הרמ""ק"
seder_hadorot:446,acharonim,5266,5350,"רבי שמואל ב""ר משה די מודינה","מהרשד""ם",,"רבי שמואל ב""ר משה די מודינה ""מהרשד""ם"""
seder_hadorot:447,acharonim,5268,5359,רבי משה אלשיך,בעל תורת משה,תורת משה,"רבי משה אלשיך בעל ""תורת משה"" תלמיד של מרן הב""י רבו של מהרח""ו בנגלה"
seder_hadorot:448,acharonim,5271,5334,רבי שלמה לוריא,"מהרש""ל | בעל ים של שלמה",ים של שלמה,"מהרש""ל רבי שלמה לוריא ""ים של שלמה"""
seder_hadorot:449,acharonim,5272,5369,רבי יהודה ליווא,"המהר""ל מפראג",,"המהר""ל מפראג רבי יהודה ליווא"
seder_hadorot:450,acharonim,5278,5377,רבי יצחק חיות,בעל פני יצחק | בעל אפי רברבי,פני יצחק | אפי רברבי,"רבי יצחק חיות ""פני יצחק, אפי רברבי"" גיסו של מהר""ל מפראג"
seder_hadorot:451,acharonim,5280,5324,רבי בצלאל אשכנזי,בעל שיטה מקובצת,שיטה מקובצת,"רבי בצלאל אשכנזי בעל ""שיטה מקובצת"""
seder_hadorot:452,acharonim,5282,5330,רבי משה קורדובירו,"הרמ""ק | בעל אור יקר | בעל פרדס רימונים | בעל תומר דבורה",אור יקר | פרדס רימונים | תומר דבורה,"הרמ""ק רבי משה קורדובירו ""אור יקר"" ""פרדס רימונים"" ""תומר דבורה""..."
seder_hadorot:453,acharonim,5285,5370,רבי יעקב קאסטרו,"מהריק""ש",,"רבי יעקב קאסטרו מהריק""ש תלמיד הרלב""ח והרדב""ז"
seder_hadorot:454,acharonim,5290,5333,רבי משה איסרליש,"הרמ""א | בעל דרכי משה",דרכי משה,"הרמ""א רבי משה איסרליש ""דרכי משה"""
seder_hadorot:455,acharonim,5290,5372,רבי מרדכי יפה,בעל הלבוש,הלבוש,"רבי מרדכי יפה בעל ""הלבוש"" תלמיד מהרש""ל והרמ""א"
seder_hadorot:456,acharonim,5291,5360,רבי אלעזר אזכרי,בעל חרדים,חרדים,"רבי אלעזר אזכרי בעל ""חרדים"""
seder_hadorot:457,acharonim,5294,5332,רבי יצחק לוריא אשכנזי,"האר""י",,"האר""י הקדוש רבי יצחק לוריא אשכנזי רבו של מהרח""ו....."
seder_hadorot:458,acharonim,,5348,רבי אברהם גלאנטי,,,"רבי אברהם גלאנטי תלמיד הרמ""ק והאר""י"
seder_hadorot:459,acharonim,5300,5383,רבי יששכר בער בן ישראל לעזער,,,"רבי יששכר בער בן ישראל לעזער פרנס איילנבורג בעל ""באר שבע"" תלמיד הלבוש"
seder_hadorot:460,acharonim,5301,5373,רבי דוד גאנז,,,"רבי דוד גאנז תלמיד מהרי""ל בעל צמח דוד"
seder_hadorot:461,acharonim,5303,5380,רבי חיים ויטאל,"מהרח""ו",,"מהרח""ו רבי חיים ויטאל תלמיד האר""י"
seder_hadorot:462,acharonim,5307,5348,רבי אברהם די בוטון,בעל לחם משנה,לחם משנה,"רבי אברהם די בוטון בעל ""לחם משנה"""
seder_hadorot:463,acharonim,5308,5380,רבי מנחם עזריה,"הרמ""ע מפאנו",,"הרמ""ע מפאנו רבי מנחם עזריה תלמיד הרמ""ק בעל ""אלפסי זוטא"""
seder_hadorot:464,acharonim,5310,5347,רבי אליהו די-וידאש,בעל ראשית חכמה,ראשית חכמה,"רבי אליהו די-וידאש בעל ""ראשית חכמה"" תלמיד הרמ""ק והאר""י"
seder_hadorot:465,acharonim,5310,5374,רבי יהושע פולק,"בעל הסמ""ע | הסמ""ע | בעל הפרישה | בעל הדרישה",הפרישה | הדרישה,"רבי יהושע פולק בעל הסמ""ע ""הפרישה"" ""הדרישה"" תלמיד של המהרש""ל והרמ""א."
seder_hadorot:466,acharonim,5315,5391,רבי שמואל אליעזר איידליש הלוי,"המהרש""א",,"המהרש""א רבי שמואל אליעזר איידליש הלוי"
seder_hadorot:467,acharonim,5317,5407,רבי חיים שבתאי,"מהרח""ש",,"מהרח""ש רבי חיים שבתאי"
seder_hadorot:468,acharonim,5318,5371,רבי יום טוב צהלון,"מהריט""ץ",,"מהריט""ץ רבי יום טוב צהלון תלמיד מרן"
seder_hadorot:469,acharonim,5318,5376,רבי מאיר בן גדליה,"מהר""מ מלובלין",,"מהר""מ מלובלין רבי מאיר בן גדליה"
seder_hadorot:470,acharonim,,5379,"רבי שלמה אפרים ב""ר אהרן לונטשיץ",בעל הכלי יקר | בעל עוללות אפרים,כלי יקר | עוללות אפרים,"רבי שלמה אפרים ב""ר אהרן לונטשיץ בעל ""הכלי יקר"" ""עוללות אפרים"" תלמיד מהרש""ל"
seder_hadorot:471,acharonim,5320,5390,רבי ישעיה הורוביץ,"השל""ה",,"השל""ה הקדוש רבי ישעיה הורוביץ תלמיד הסמ""ע הרמ""א והמהרש""ל"
seder_hadorot:472,acharonim,5321,5400,רבי יואל סירקיש,"בעל הב""ח | הב""ח",,"רבי יואל סירקיש בעל הב""ח"
seder_hadorot:473,acharonim,5324,5396,רבי אליהו בעל שם,,,"רבי אליהו בעל -שם תלמיד מהרש""ל"
seder_hadorot:474,acharonim,5325,5388,רבי ישראל נג'ארה,בעל קה רבון,קה רבון,"רבי ישראל נג'ארה ""קה רבון"""
seder_hadorot:475,acharonim,5325,5408,רבי ישעיה פינטו,"הרי""ף",,"הרי""ף רבי ישעיה פינטו"
seder_hadorot:476,acharonim,5329,5399,רבי יוסף משה טיראני,"מהרי""ט",,"מהרי""ט רבי יוסף משה טיראני"
seder_hadorot:477,acharonim,5330,5397,רבי יוסף יוזפא,בעל יוסף אומץ,יוסף אומץ,"רבי יוסף יוזפא בעל ""יוסף אומץ"" אב""ד פרנקפורט"
seder_hadorot:478,acharonim,5330,5404,רבי אברהם אזולאי,בעל חסד לאברהם,חסד לאברהם,"רבי אברהם אזולאי בעל ""חסד לאברהם"""
seder_hadorot:479,acharonim,5331,5408,רבי יהודה אריה די-מודינא,,,רבי יהודה אריה די-מודינא
seder_hadorot:480,acharonim,,5411,רבי אליעזר אשכנזי,בעל דמשק אליעזר,דמשק אליעזר,"רבי אליעזר אשכנזי בעל ""דמשק אליעזר"" חבירו של הב""ח"
seder_hadorot:481,acharonim,5339,5414,"רבי יו""ט ליפמן הלר","בעל תוס' יו""ט | תוס' יו""ט",,"רבי יו""ט ליפמן הלר בעל תוס' יו""ט תלמיד מהר""ל מפראג והכלי יקר"
seder_hadorot:482,acharonim,5340,5521,רבי משה חגיז,בעל לקט הקמח,לקט הקמח,"רבי משה חגיז ""לקט הקמח"""
seder_hadorot:483,acharonim,5346,5427,רבי דוד הלוי,"בעל הט""ז | הט""ז",,"רבי דוד הלוי בעל הט""ז תלמיד אחיו מהר""י הלוי, חתנו של הב""ח"
seder_hadorot:484,acharonim,5351,5416,רבי יוסף שלמה דילמדיגו,,,רבי יוסף שלמה דילמדיגו
seder_hadorot:485,acharonim,,5430,רבי צבי הירש קידנובר,בעל קב הישר,קב הישר,"רבי צבי הירש קידנובר בעל ""קב הישר"""
seder_hadorot:486,acharonim,5351,5431,רבי משה רבקש מוילנא,בעל באר הגולה,באר הגולה,"רבי משה רבקש מוילנא בעל ""באר הגולה"""
seder_hadorot:487,acharonim,5352,5420,רבי שבתאי שפטיל,,,"רבי שבתאי שפטיל בנו ותלמידו של השל""ה בעל ""ווי העמודים"""
seder_hadorot:488,acharonim,5355,5431,רבי יהושע בנבנישטי,בעל שדה יהושע,שדה יהושע,"רבי יהושע בנבנישטי בעל ""שדה יהושע"" אחיו של הכנסת הגדולה"
seder_hadorot:489,acharonim,5356,5429,רבי יונה תאומים,בעל קיקיון דיונה,קיקיון דיונה,"רבי יונה תאומים בעל ""קיקיון דיונה"""
seder_hadorot:490,acharonim,,5417,"ר' משה ב""ר יצחק יהודה לימא","בעל החלקת מחוקק | הח""מ",חלקת מחוקק,"ר' משה ב""ר יצחק יהודה לימא, בעל ה""חלקת מחוקק"" ""הח""מ על אהע""ז"" רבה של וילנא ואח""כ של בריסק"
seder_hadorot:491,acharonim,5363,5433,רבי חיים בנבינישתי,בעל כנסת הגדולה,כנסת הגדולה,"רבי חיים בנבינישתי בעל ""כנסת הגדולה"" תלמיד מהרי""ט"
seder_hadorot:492,acharonim,,,רבי שלום שבזי,,,רבי שלום שבזי
seder_hadorot:493,acharonim,5365,5435,רבי שמואל גרמיזאן,בעל אמרי בינה,אמרי בינה,"רבי שמואל גרמיזאן בעל ""אמרי בינה"" מכחמי טורקיה"
seder_hadorot:494,acharonim,5368,5401,רבי מאיר הכהן שיף,"מהר""ם שי""ף",,"מהר""ם שי""ף רבי מאיר הכהן שיף"
seder_hadorot:495,acharonim,5380,5449,רבי מנחם מנדל אויערבך,בעל עטרת זקנים,עטרת זקנים,"רבי מנחם מנדל אויערבך בעל ""עטרת זקנים"""
seder_hadorot:496,acharonim,5380,5434,רבי יעקב חגיז,בעל הלכות קטנות,הלכות קטנות,"רבי יעקב חגיז בעל ""הלכות קטנות"""
seder_hadorot:497,acharonim,5383,5423,רבי שבתאי הכהן,"בעל הש""ך | הש""ך",,"רבי שבתאי הכהן בעל הש""ך חבר ב""ד בבית דינו של הח""מ בווילנא"
seder_hadorot:498,acharonim,5384,5422,רבי מאיר פאפירש,,,"רבי מאיר פאפירש מגדולי מקובלי ירושלים, סידר כתבי האר""י"
seder_hadorot:499,acharonim,5385,5458,רבי משה זכות,,,רבי משה זכות
seder_hadorot:500,acharonim,5397,5443,רבי אברהם אבלי גומבינר,בעל מגן אברהם,מגן אברהם,"רבי אברהם אבלי גומבינר בעל ""מגן אברהם"" למד תורה בעיר ליסא, ואח""כ מונה לרב ודיין בעיר קאליש."
seder_hadorot:501,acharonim,,5466,רבי זכריה מנדל,בעל באר היטב,באר היטב,"רבי זכריה מנדל ""באר היטב"""
seder_hadorot:502,acharonim,5398,5462,רבי מאיר בכרך,בעל חוות יאיר,חוות יאיר,"רבי מאיר בכרך בעל ""חוות יאיר"""
seder_hadorot:503,acharonim,5400,5458,"ר' שמואל ב""ר אורי שרגא פייבוש מווידיסלב",בעל הבית שמואל,בית שמואל,"""הבית שמואל"" ר' שמואל ב""ר אורי שרגא פייבוש מווידיסלב (פולין) תלמידו של הרבי ר' השיל מקרקא."
seder_hadorot:504,acharonim,5400,5470,רבי אברהם הלוי,בעל גינת ורדים,גינת ורדים,"רבי אברהם הלוי ""גינת ורדים"""
seder_hadorot:505,acharonim,5401,5478,רבי שבתאי שטרום,בעל שפתי חכמים | בעל שפתי ישנים,שפתי חכמים | שפתי ישנים,"רבי שבתאי שטרום ""שפתי חכמים"" ""שפתי ישנים"""
seder_hadorot:506,acharonim,5410,5477,רבי אברהם ברוידא,בעל אשל אברהם,אשל אברהם,"רבי אברהם ברוידא ""אשל אברהם"""
seder_hadorot:507,acharonim,5410,5489,רבי אליהו כהן האיתמרי,בעל מעיל צדקה | בעל מדרש תלפיות,מעיל צדקה | מדרש תלפיות,"רבי אליהו כהן האיתמרי ""מעיל צדקה"" ""מדרש תלפיות"""
seder_hadorot:508,acharonim,5418,5487,רבי יהודה רוזניס,בעל משנה למלך,משנה למלך,"רבי יהודה רוזניס ""משנה למלך"""
seder_hadorot:509,acharonim,5419,5458,רבי חזקיה די סילוה,בעל פרי חדש,פרי חדש,"רבי חזקיה די סילוה בעל ""פרי חדש"""
seder_hadorot:510,acharonim,5420,5478,רבי צבי אשכנזי,בעל חכם צבי,חכם צבי,"רבי צבי אשכנזי ""חכם צבי"""
seder_hadorot:511,acharonim,5420,5472,רבי אליהו שפירא,בעל אליה רבה | בעל אליה זוטא,אליה רבה | אליה זוטא,"רבי אליהו שפירא ""אליה רבה"" ""אליה זוטא"" תלמיד המגן אברהם"
seder_hadorot:512,acharonim,5420,5504,רבי חיים אבולעפיה,,,רבי חיים אבולעפיה
seder_hadorot:513,acharonim,5420,5506,רבי יחיאל הלפרין,בעל סדר הדורות,סדר הדורות,"רבי יחיאל הלפרין ""סדר הדורות"""
seder_hadorot:514,acharonim,,5521,רבי גרשון מקיטוב,,,"רבי גרשון מקיטוב גיס הבעט""ש"
seder_hadorot:515,acharonim,5424,5497,רבי דוד אופנהיים,"הרד""א",,"הרד""א רבי דוד אופנהיים תלמיד של ""עבודת הגרשוני"""
seder_hadorot:516,acharonim,5430,5504,רבי מאיר אייזנשטאט,בעל פנים מאירות,פנים מאירות,"רבי מאיר אייזנשטאט ""פנים מאירות"" רבו של רבי יונתן איבשיץ"
seder_hadorot:517,acharonim,,5509,רבי ישראל מזרחי,בעל פרי הארץ,פרי הארץ,"רבי ישראל מזרחי ""פרי הארץ"""
seder_hadorot:518,acharonim,5439,5517,רבי יצחק לאמפרונטי,בעל פחד יצחק,פחד יצחק,"רבי יצחק לאמפרונטי ""פחד יצחק"""
seder_hadorot:519,acharonim,5440,5533,רבי מאיר מפרמישלאן,,,"רבי מאיר מפרמישלאן תלמיד הבעש""ט"
seder_hadorot:520,acharonim,5441,5517,רבי יעקב יהושע פולק,בעל פני יהושע,פני יהושע,"רבי יעקב יהושע פולק ""פני יהושע"""
seder_hadorot:521,acharonim,5445,5490,רבי יוסף אירגס,בעל דברי יוסף | בעל שומר אמונים,דברי יוסף | שומר אמונים,"רבי יוסף אירגס ""דברי יוסף"" ""שומר אמונים"" (קבלה) רבו של ה""יד מלאכי"""
seder_hadorot:522,acharonim,5447,5529,רבי נתנאל וויל,בעל קרבן נתנאל,קרבן נתנאל,"רבי נתנאל וויל ""קרבן נתנאל"""
seder_hadorot:523,acharonim,,,רבי גרשון מזיא,בעל קרית חנה,קרית חנה,"רבי גרשון מזיא ""קרית חנה"""
seder_hadorot:524,acharonim,,,רבי דוד אלטשולר,בעל המצודות,מצודות,"רבי דוד אלטשולר בעל ה""מצודות"" על הנ""ך עם בנו רבי יחיאל"
seder_hadorot:525,acharonim,5450,5524,רבי יהונתן אייבשיץ,בעל יערות דבש | בעל כרתי ופלתי | בעל אורים ותומים,יערות דבש | כרתי ופלתי | אורים ותומים,"רבי יהונתן אייבשיץ ""יערות דבש"" ""כרתי ופלתי"" ""אורים ותומים"""
seder_hadorot:526,acharonim,5455,5536,רבי יעקב יוסף עמדין,"יעב""ץ",,"הגאון יעב""ץ רבי יעקב יוסף עמדין בנו של ""חכם צבי"""
seder_hadorot:527,acharonim,5455,5545,רבי אריה ליב שינצבורג,בעל שאגת אריה,שאגת אריה,"רבי אריה ליב שינצבורג ""שאגת אריה"" רבו של רב חיים מולוזין"
seder_hadorot:528,acharonim,5456,5503,רבי חיים בן עטר,בעל אור החיים | בעל פרי תואר,אור החיים | פרי תואר,"רבי חיים בן עטר ""אור החיים"" ""פרי תואר"""
seder_hadorot:529,acharonim,5460,5521,רבי יהודה עייאש,בעל בית יהודה | בעל לחם יהודה,בית יהודה | לחם יהודה,"רבי יהודה עייאש ""בית יהודה"" ""לחם יהודה""..."
seder_hadorot:530,acharonim,5460,5532,רבי מלאכי הכהן,בעל יד מלאכי,יד מלאכי,"רבי מלאכי הכהן ""יד מלאכי"" תלמיד רבי יוסף אירגס"
seder_hadorot:531,acharonim,,5535,רבי מסעוד אלפסי,בעל משחא דרבותא,משחא דרבותא,"רבי מסעוד אלפסי ""משחא דרבותא"""
seder_hadorot:532,acharonim,5460,5536,רבי יוסף שטיינהרט,בעל זכרון יוסף,זכרון יוסף,"רבי יוסף שטיינהרט ""זכרון יוסף"" תלמיד השב יעקב"
seder_hadorot:533,acharonim,5464,5532,רבי דב בער,המגיד ממזריטש | בעל מגיד דבריו ליעקב,מגיד דבריו ליעקב,"רבי דב בער המגיד ממזריטש ""מגיד דבריו ליעקב"""
seder_hadorot:534,acharonim,5467,5507,רבי משה חיים לוצאטו,"הרמח""ל | בעל מסילת ישרים | בעל דרך ה' | בעל דעת תבונות",מסילת ישרים | דרך ה' | דעת תבונות,"הרמח""ל רבי משה חיים לוצאטו ""מסילת ישרים"" ""דרך ה', דעת תבונות"""
seder_hadorot:535,acharonim,5470,5520,רבי ישראל בעל שם טוב,"הבעש""ט",,"הבעש""ט רבי ישראל בעל שם טוב"
seder_hadorot:536,acharonim,5470,5552,רבי דוד פארדו,,,"רבי דוד פארדו מחותנו של החיד""א"
seder_hadorot:537,acharonim,5470,5553,רבי רפאל שלמה לניאדו,,,רבי רפאל שלמה לניאדו
seder_hadorot:538,acharonim,5473,5520,רבי יונה נבון,בעל נחפה בכסף | בעל גט מקושר,נחפה בכסף | גט מקושר,"רבי יונה נבון ""נחפה בכסף"" ""גט מקושר"" תלמיד ר' ישראל מזרחי, רבו של החיד""א"
seder_hadorot:539,acharonim,5474,5553,רבי יחזקאל לנדא,"בעל הנודע ביהודה | צל""ח",נודע ביהודה,"רבי יחזקאל לנדא ""הנודע ביהודה"" ""צל""ח"""
seder_hadorot:540,acharonim,,5554,רבי אלכסנדר זיסקינד,בעל יסוד ושורש העבודה,יסוד ושורש העבודה,"רבי אלכסנדר זיסקינד ""יסוד ושורש העבודה"""
seder_hadorot:541,acharonim,5474,5565,רבי יחיא צאלח,,,"רבי יחיא צאלח (תימן) המהרי""ץ"
seder_hadorot:542,acharonim,5477,5547,רבי אלימלך מליז'נסק,בעל נועם אלימלך,נועם אלימלך,"רבי אלימלך מליז'נסק ""נועם אלימלך"" אח של רבי זושא מאניפולי"
seder_hadorot:543,acharonim,5480,5558,רבי אליהו מוילנא,"הגר""א",,"הגר""א הגאון רבי אליהו מוילנא גאון בנגלה ובנסתר נינו של 'באר הגולה'"
seder_hadorot:544,acharonim,5480,5537,רבי שלום שרעבי,"הרש""ש | בעל נהר שלום | בעל רחובות הנהר",נהר שלום | רחובות הנהר,"הרש""ש רבי שלום שרעבי, בעל ""נהר שלום"" ""רחובות הנהר"""
seder_hadorot:545,acharonim,5481,5546,רבי יחיאל מיכל מזלוטשוב,,,"רבי יחיאל מיכל מזלוטשוב תלמיד הבעש""ט"
seder_hadorot:546,acharonim,5484,5566,רבי יוסף חיים דוד אזולאי,"החיד""א | בעל ברכי יוסף",ברכי יוסף,"החיד""א רבי יוסף חיים דוד אזולאי ""ברכי יוסף"" ... נחשב כגדול רבני דורו פוסק ומקובל, איש תלמוד והלכה."
seder_hadorot:547,acharonim,,5568,רבי משה גאגין,,,רבי משה גאגין חכם באשי
seder_hadorot:548,acharonim,5486,5538,רבי שמואל שמעלקא מניקלשבורג,,,"רבי שמואל שמעלקא מניקלשבורג, תלמיד הגר""א ואח""כ של המגיד, אח של ההפלא""ה"
seder_hadorot:549,acharonim,5487,5552,"ר' יוסף ב""ר מאיר תאומים",בעל פרי מגדים,פרי מגדים,"ר' יוסף ב""ר מאיר תאומים ""פרי מגדים"" רבה של לבוב ושל פרנקפורט"
seder_hadorot:550,acharonim,5488,5550,רבי פנחס מקוריץ,,,"רבי פנחס מקוריץ תלמיד חבר לבעש""ט"
seder_hadorot:551,acharonim,,5546,רבי יעקב יוסף מפולנאה,בעל תולדות יעקב יוסף,תולדות יעקב יוסף,"רבי יעקב יוסף מפולנאה ""תולדות יעקב יוסף"" תלמיד הבעש""ט"
seder_hadorot:552,acharonim,5490,5548,רבי מנחם מנדל מויטסבק,,,"רבי מנחם מנדל מויטסבק תלמיד המגיד ממזריטש, רבו של בעל התניא"
seder_hadorot:553,acharonim,5490,5565,הרב פנחס לוי איש הורוביץ,"ההפלא""ה",,"ההפלא""ה הרב פנחס לוי איש הורוביץ אחיו של רב שמלקא מניקלשבורג תלמידי הגר""א ואח""כ תלמידי המגיד ממזריטש"
seder_hadorot:554,acharonim,5496,5532,רבי אהרן הגדול מקרלין,,,רבי אהרן הגדול מקרלין תלמיד המגיד
seder_hadorot:555,acharonim,5496,5575,רבי ישראל מקוזניץ,המגיד מקוזניץ,,"רבי ישראל מקוזניץ ""המגיד מקוזניץ"" בן הר' שבתאי"
seder_hadorot:556,acharonim,5498,5567,רבי שמואל בר נתן הלוי,בעל מחצית השקל,מחצית השקל,"רבי שמואל בר נתן הלוי ""מחצית השקל"""
seder_hadorot:557,acharonim,5500,5579,"רבי יהודה ב""ר יוסף הכהן",בעל קונטרס הספיקות,קונטרס הספיקות,"רבי יהודה ב""ר יוסף הכהן (כ""ץ, כהנא, הלר) ""קונטרס הספיקות"" אחיו הגדול של הקצות."
seder_hadorot:558,acharonim,5500,5579,"רבי יהודה ב""ר יוסף הכהן",בעל קונטרס הספיקות,קונטרס הספיקות,"רבי יהודה ב""ר יוסף הכהן (כ""ץ, כהנא, הלר) ""קונטרס הספיקות"" אחיו הגדול של הקצות."
seder_hadorot:559,acharonim,,5579,רבי עזריאל הלוי מלובלין,,,רבי עזריאל הלוי מלובלין
seder_hadorot:560,acharonim,5500,5565,רבי יעקב קרנץ מדובנא,המגיד מדובנא,,"רבי יעקב קרנץ מדובנא ""המגיד מדובנא"""
seder_hadorot:561,acharonim,5500,5570,רבי לוי יצחק מברדיצ'וב,בעל קדושת לוי,קדושת לוי,"רבי לוי יצחק מברדיצ'וב ""קדושת לוי"" (סנגורן של ישראל)"
seder_hadorot:562,acharonim,,5570,רבי משולם הכהן,"בעל עיקר תוי""ט","עיקר תוי""ט","רבי משולם הכהן ""עיקר תוי""ט"""
seder_hadorot:563,acharonim,5501,5577,רבי רפאל יוסף חזן,בעל חקרי לב,חקרי לב,"רבי רפאל יוסף חזן ""חקרי לב"""
seder_hadorot:564,acharonim,5501,5537,רבי אברהם המלאך,,,רבי אברהם המלאך בנו של המגיד ממזריטש
seder_hadorot:565,acharonim,5501,5577,רבי רפאל יוסף חזן,בעל חקרי לב,חקרי לב,"רבי רפאל יוסף חזן ""חקרי לב"""
seder_hadorot:566,acharonim,5504,5597,רבי יצחק חי טייב,בעל חלב חטים,חלב חטים,"רבי יצחק חי טייב (לא מת) ""חלב חטים"""
seder_hadorot:567,acharonim,5505,5567,רבי משה לייב מסאסוב,,,"רבי משה לייב מסאסוב תלמיד של ר' שמעלקא מניקלשבורג, רבו של היהודי הקדוש מפשיסחא ורבי מאיר מפרמישלאן"
seder_hadorot:568,acharonim,5505,5572,"רבי אריה לייב ב""ר יוסף הכהן",בעל קצות החושן | בעל אבני מילואים | בעל שב שמעתתא,קצות החושן | אבני מילואים | שב שמעתתא,"רבי אריה לייב ב""ר יוסף הכהן (כ""ץ, כהנא, הלר) ""קצות החושן"" ""אבני מילואים"" ""שב שמעתתא"""
seder_hadorot:569,acharonim,5505,5573,רבי שניאור זלמן מלאדי,"האדמור הזקן | בעל התניא | בעל שו""ע הרב","התניא | שו""ע הרב","רבי שניאור זלמן מלאדי האדמור הזקן ""בעל התניא"" ""שו""ע הרב"" תלמיד המגיד ממזריטש"
seder_hadorot:570,acharonim,5505,5575,רבי יעקב יצחק הלוי הורוביץ,החוזה מלובלין,,"""החוזה מלובלין"" רבי יעקב יצחק הלוי הורוביץ תלמיד המגיד ור' אלימלך"
seder_hadorot:571,acharonim,5506,5574,רבי דוד מלבוב,,,רבי דוד מלבוב תלמיד החוזה והרב אלימלך
seder_hadorot:572,acharonim,5507,,רבי מנחם מנדל מרימנוב,,,רבי מנחם מנדל מרימנוב תלמיד ר' אלימלך
seder_hadorot:573,acharonim,5507,5582,רבי רפאל ברדוגו,,,רבי רפאל ברדוגו
seder_hadorot:574,acharonim,5508,5581,רבי אברהם דנציג,בעל חיי אדם | בעל חכמת אדם,חיי אדם | חכמת אדם,"רבי אברהם דנציג ""חיי אדם"" ""חכמת אדם"" תלמיד הנודע ביהודה"
seder_hadorot:575,acharonim,5509,5581,רבי חיים מוולוז'ין,בעל נפש החיים | בעל חוט משולש,נפש החיים | חוט משולש,"רבי חיים מוולוז'ין ""נפש החיים"" ""חוט משולש"" תלמיד הגר""א"
seder_hadorot:576,acharonim,5512,5560,רבי נתן אדלר,,,רבי נתן אדלר תלמיד הפני יהושע' רבו של החתם סופר
seder_hadorot:577,acharonim,5513,5590,רבי יצחק טייב,בעל ערך השולחן,ערך השולחן,"רבי יצחק טייב ""ערך השולחן"""
seder_hadorot:578,acharonim,5514,5586,רבי אלעזר פלקליש,בעל תשובה מאהבה,תשובה מאהבה,"רבי אלעזר פלקליש ""תשובה מאהבה"" תלמיד הנודע ביהודה"
seder_hadorot:579,acharonim,5515,5585,רבי אברהם יהושע העשיל מאפטא,,,רבי אברהם יהושע העשיל מאפטא תלמיד רבי אלימלך מליז'נסק
seder_hadorot:580,acharonim,5519,5601,רבי משה טיטלבויים מאוהל,,,רבי משה טיטלבויים מאוהל
seder_hadorot:581,acharonim,5520,5587,רבי נפתלי מרופשיץ,בעל זרע קודש,זרע קודש,"רבי נפתלי מרופשיץ ""זרע קודש"" תלמיד רבי אלימלך מליז'נסק והחוזה מלובלין"
seder_hadorot:582,acharonim,5521,5598,רבי עקיבא איגר מפוזנא,,,"רבי עקיבא איגר מפוזנא גאון וחריף, והערותיו וחידושיו נלמדים בעיון רב בכל הישיבות. תשובותיו בהלכה משמשות כמקור חשוב בהלכה בדורות האחרונים. החתם סופר היה חתנו."
seder_hadorot:583,acharonim,5522,5581,רבי בצלאל רנשבורג,,,רבי בצלאל רנשבורג תלמיד הנודע ביהודה
seder_hadorot:584,acharonim,5523,5600,רבי משה סופר,בעל חתם סופר,חתם סופר,"רבי משה סופר (שרייבר) ""חתם סופר"" רב העיר פרשבורג, והוכר כגדול דורו."
seder_hadorot:585,acharonim,5526,5574,רבי יעקב יצחק מפשיסחא,היהודי הקדוש,,"רבי יעקב יצחק מפשיסחא ""היהודי הקדוש"" תלמיד החוזה, רבו של ר' בונם מפשיסחא ורבי מנחם מנדל מקוצק"
seder_hadorot:586,acharonim,5527,5587,רבי שמחה בונים מפשיסחא,,,"רבי שמחה בונים מפשיסחא תלמיד החוזה והיהודי הקדוש רבו של החידושי הרי""ם והרבי מקוצק"
seder_hadorot:587,acharonim,5530,5592,רבי יעקב מליסא,בעל נתיבות | בעל חוות דעת | בעל חוק יעקב | בעל סידור דרך החיים,נתיבות | חוות דעת | חוק יעקב | סידור דרך החיים,"רבי יעקב מליסא ""נתיבות"" ""חוות דעת"" ""חוק יעקב"" ""סידור דרך החיים"""
seder_hadorot:588,acharonim,5531,5601,רבי אברהם דוד מבוטשטש,בעל אשל אברהם,אשל אברהם,"רבי אברהם דוד מבוטשטש ""אשל אברהם"" תלמיד הלבושי שרד"
seder_hadorot:589,acharonim,5532,5571,רבי נחמן מברסלב,,,רבי נחמן מברסלב
seder_hadorot:590,acharonim,5534,5588,רבי דובער מליובאויטש,האדמור האמצעי,,רבי דובער מליובאויטש האדמור האמצעי בנו של בעל התניא
seder_hadorot:591,acharonim,5537,5630,רבי יצחק בן-ואליד,בעל ויאמר יצחק,ויאמר יצחק,"רבי יצחק בן-ואליד ""ויאמר יצחק"""
seder_hadorot:592,acharonim,5538,5585,רבי יעקב צבי יאליש,בעל מלא הרועים,מלא הרועים,"רבי יעקב צבי יאליש ""מלא הרועים"""
seder_hadorot:593,acharonim,5540,5580,רבי חיים מרדכי מרגליות,בעל שערי תשובה,שערי תשובה,"רבי חיים מרדכי מרגליות ""שערי תשובה"" על השו""ע רבה של העיר בראד, ואח""כ דובנא שבגליציה, אחיו של ר' אפרים זלמן מרגליות ה'יד אפרים' ."
seder_hadorot:594,acharonim,5543,5615,רבי שלום רוקח מבעלז,,,רבי שלום רוקח מבעלז
seder_hadorot:595,acharonim,5543,5601,רבי צבי אלימלך,בעל בני יששכר,בני יששכר,"רבי צבי אלימלך ""בני יששכר"""
seder_hadorot:596,acharonim,5546,5629,רבי שלמה קלוגר,בעל האלף לך שלמה,אלף לך שלמה,"רבי שלמה קלוגר ""האלף לך שלמה""..."
seder_hadorot:597,acharonim,5546,5588,רבי אליעזר פאפו,בעל פלא יועץ,פלא יועץ,"רבי אליעזר פאפו ""פלא יועץ"""
seder_hadorot:598,acharonim,5547,5563,רבי שלום שכנא,,,"רבי שלום שכנא בנו של ""המלאך"" נכדו של ""המגיד"""
seder_hadorot:599,acharonim,5547,5619,רבי מנחם מנדל מקוצק,,,רבי מנחם מנדל מקוצק
seder_hadorot:600,acharonim,,5618,רבי יהושע בסיס,בעל אבני צדק,אבני צדק,"רבי יהושע בסיס ""אבני צדק"" תלמיד רבי יצחק טייב, רבו של רב אברהם הכהן יצחקי המשמרות כהונה"
seder_hadorot:601,acharonim,5548,5628,רבי חיים פלאג'י,בעל כף החיים,כף החיים,"רבי חיים פלאג'י ""כף החיים""..."
seder_hadorot:602,acharonim,5549,5613,רבי יצחק אייזיק,,,"רבי יצחק אייזיק חבר (מקובל, פה שלישי להגר""א)"
seder_hadorot:603,acharonim,,5626,רבי יוסף זונדל סלאט,,,"רבי יוסף זונדל סלאט, תלמיד רבי חיים מוולוזין ורע""א, רבו של רבי ישראל סאלנטר"
seder_hadorot:604,acharonim,,5624,רבי אברהם הכהן יצחקי,בעל משמרת כהונה,משמרת כהונה,"רבי אברהם הכהן יצחקי ""משמרת כהונה"""
seder_hadorot:605,acharonim,5549,5627,רבי מנחם מנדל מליובאויטש,בעל צמח צדק,צמח צדק,"רבי מנחם מנדל מליובאויטש ""צמח צדק"" חתנו והנכד של אדמו""ר הזקן בעל התניא"
seder_hadorot:606,acharonim,5550,5634,רבי יוסף,"באב""ד | בעל מנחת חינוך",מנחת חינוך,"רבי יוסף באב""ד ""מנחת חינוך"""
seder_hadorot:607,acharonim,5553,5636,רבי חיים הלברשטאם מצאנז,בעל דברי חיים,דברי חיים,"רבי חיים הלברשטאם מצאנז ""דברי חיים"""
seder_hadorot:608,acharonim,5554,5632,רבי שמואל שטראשון,"רש""ש",,"רבי שמואל שטראשון (רש""ש)"
seder_hadorot:609,acharonim,5554,5632,רבי יהודה אסאד,בעל יהודה יעלה,יהודה יעלה,"רבי יהודה אסאד ""יהודה יעלה"""
seder_hadorot:610,acharonim,5558,5611,רבי ישראל מרוז'ין,,,רבי ישראל מרוז'ין תלמיד החוזה בנו של רבי שלום שכנא
seder_hadorot:611,acharonim,5558,5616,רבי דוד לוריא,"רד""ל",,"רבי דוד לוריא (רד""ל)"
seder_hadorot:612,acharonim,5558,5632,רבי יעקב יוקל עטלינגר,בעל ערוך לנר | בעל ביכורי יעקב,ערוך לנר | ביכורי יעקב,"רבי יעקב יוקל עטלינגר ""ערוך לנר"" ""ביכורי יעקב"""
seder_hadorot:613,acharonim,5559,5626,רבי יצחק מאיר אלתר מגור,"בעל חידושי הרי""ם","חידושי הרי""ם","רבי יצחק מאיר אלתר מגור ""חידושי הרי""ם"
seder_hadorot:614,acharonim,5564,5646,רבי שלמה גאנצפריד,"בעל קיצור שו""ע | בעל לחם ושמלה","קיצור שו""ע | לחם ושמלה","רבי שלמה גאנצפריד ""קיצור שו""ע ""לחם ושמלה"""
seder_hadorot:615,acharonim,5566,5616,רבי צבי הירש חיות,"מהר""ץ חיות",,"רבי צבי הירש חיות ""מהר""ץ חיות"""
seder_hadorot:616,acharonim,5568,5640,רבי יעקב אבוחצירא,,,"רבי יעקב אבוחצירא סבו של בבא סאלי ""גנזי המלך"""
seder_hadorot:617,acharonim,5568,5649,רבי שמשון רפאל הירש,,,רבי שמשון רפאל הירש
seder_hadorot:618,acharonim,5570,5643,רבי ישראל סלנטר,,,רבי ישראל סלנטר
seder_hadorot:619,acharonim,5570,5635,רבי יוסף שאול נתנזון,בעל שואל ומשיב,שואל ומשיב,"רבי יוסף שאול נתנזון ""שואל ומשיב"""
seder_hadorot:620,acharonim,5570,5659,רבי חיים פלאג'י,בעל אברהם פלאג'י בן | בעל שמע אברהם | בעל דברי אברהם,אברהם פלאג'י בן | שמע אברהם | דברי אברהם,"רבי אברהם פלאג'י בן רבי חיים פלאג'י ""שמע אברהם"" ""דברי אברהם"""
seder_hadorot:621,acharonim,5573,5628,רבי אברהם צבי הירש אייזנשטט,בעל פתחי תשובה | בעל נחלת צבי,פתחי תשובה | נחלת צבי,"רבי אברהם צבי הירש אייזנשטט ""פתחי תשובה"" ""נחלת צבי"""
seder_hadorot:622,acharonim,5573,5649,רבי עבדאללה סומך,בעל זבחי צדק,זבחי צדק,"רבי עבדאללה סומך ""זבחי צדק"" רבו של הבן איש חי"
seder_hadorot:623,acharonim,5575,5632,רבי אברהם שמואל סופר,,,רבי אברהם שמואל סופר
seder_hadorot:624,acharonei_zmanenu,5576,5669,רבי שמואל סלנט,,,רבי שמואל סלנט
seder_hadorot:625,acharonim,5576,5656,רבי יצחק אלחנן ספקטור מקובנא,,,רבי יצחק אלחנן ספקטור מקובנא
seder_hadorot:626,acharonim,5577,5653,רבי נפתלי צבי,הנציב מוולוז'ין | בעל העמק דבר | בעל העמק שאלה | בעל מרומי שדה,עמק דבר | עמק שאלה | מרומי שדה,"רבי נפתלי צבי הנציב מוולוז'ין ""העמק דבר"" ""העמק שאלה"" ""מרומי שדה"""
seder_hadorot:627,acharonim,5577,5653,רבי נפתחי צבי יהודה ברלין,"הנצי""ב | בעל העמק דבר | בעל העמק שאילה",עמק דבר | עמק שאילה,"רבי נפתחי צבי יהודה ברלין (הנצי""ב) ""העמק דבר"" ""העמק שאילה"""
seder_hadorot:628,acharonim,5578,5659,רבי אליהו מאני,בעל מעיל אליהו,מעיל אליהו,"רבי אליהו מאני ""מעיל אליהו""..."
seder_hadorot:629,acharonim,5579,5658,רבי משה יהודה לייב,"המהרי""ל דיסקין",,"רבי משה יהודה לייב המהרי""ל דיסקין"
seder_hadorot:630,acharonim,5580,5652,רבי יוסף סולוביצ'יק,בעל בית הלוי,בית הלוי,"רבי יוסף סולוביצ'יק ""בית הלוי"" הגרי""ב"
seder_hadorot:631,acharonim,5580,5659,רבי עזריאל הילדסהיימר,,,רבי עזריאל הילדסהיימר תלמיד הערוך לנר
seder_hadorot:632,acharonim,5584,5658,רבי שמחה זיסל,הסבא מקלם,,"רבי שמחה זיסל ""הסבא מקלם"""
seder_hadorot:633,acharonim,5586,5640,רבי דוד בן שמעון,"בעל צוף דב""ש","צוף דב""ש","רבי דוד בן שמעון ''צוף דב""ש''"
seder_hadorot:634,acharonei_zmanenu,5586,5690,רבי שלמה אליעזר אלפנדרי,"הסבא קדישא | מהרש""א",,"רבי שלמה אליעזר אלפנדרי (הסבא קדישא, מהרש""א)"
seder_hadorot:635,acharonim,,5587,רבי שמואל קעלין הלוי,בעל מחצית השקל,מחצית השקל,"רבי שמואל קעלין הלוי ""מחצית השקל"" על המ""א בשו""ע או""ח"
seder_hadorot:636,acharonei_zmanenu,5589,5668,רבי יחיאל מיכל אפשטיין,בעל ערוך השולחן,ערוך השולחן,"רבי יחיאל מיכל אפשטיין ""ערוך השולחן"""
seder_hadorot:637,acharonei_zmanenu,5589,5668,"רבי מאיר לייבוש ב""ר יחיאל מיכל","מלבי""ם",,"רבי מאיר לייבוש ב""ר יחיאל מיכל ""מלבי""ם"""
seder_hadorot:638,acharonei_zmanenu,5590,5670,רבי יצחק אעבולעפיה,בעל פני יצחק,פני יצחק,"רבי יצחק אעבולעפיה ""פני יצחק"""
seder_hadorot:639,acharonei_zmanenu,5592,5673,רבי חיים ברלין,,,"רבי חיים ברלין בנו של הנצי""ב"
seder_hadorot:640,acharonei_zmanenu,5593,5665,רבי חיים חזקיהו מדיני,בעל שדי חמד,שדי חמד,"רבי חיים חזקיהו מדיני ""שדי חמד"""
seder_hadorot:641,acharonei_zmanenu,5595,5669,רבי יוסף חיים מבבל,בעל הבן איש חי | בעל עוד יוסף חי,בן איש חי | עוד יוסף חי,"רבי יוסף חיים מבבל ה""בן איש חי"" ""עוד יוסף חי"" רב פעלים""..."
seder_hadorot:642,acharonei_zmanenu,5595,5671,רבי שלום מרדכי שבדרון הכהן,"מהרש""ם",,"רבי שלום מרדכי שבדרון הכהן ""מהרש""ם"" מברז'ן"
seder_hadorot:643,acharonei_zmanenu,5595,5693,רבי ישראל מאיר הכהן,בעל חפץ חיים | בעל משנה ברורה,חפץ חיים | משנה ברורה,"רבי ישראל מאיר הכהן ""חפץ חיים"" ""משנה ברורה"""
seder_hadorot:644,acharonei_zmanenu,5597,5667,רבי יצחק בלזר,ר' איצלה,,"רבי יצחק בלזר ""ר' איצלה"" תלמיד רבי ישראל סלנטר ""אור ישראל"""
seder_hadorot:645,acharonim,5600,5641,רבי יחיא קורח,,,"רבי יחיא קורח, מגדולי רבני תימן"
seder_hadorot:646,acharonei_zmanenu,5601,5686,רבי שלמה אלישוב,בעל לשם שבו ואחלמה,לשם שבו ואחלמה,"רבי שלמה אלישוב ""לשם שבו ואחלמה"" סבו של הגרי""ש אלישיב"
seder_hadorot:647,acharonei_zmanenu,5603,5686,רבי מאיר שמחה הכהן,בעל אור שמח | בעל משך חכמה,אור שמח | משך חכמה,"רבי מאיר שמחה הכהן ""אור שמח"" ""משך חכמה"" רב מדוינסק במקביל לר' יוסף רוזין ('הרוגצ'ובר') ששימש כרב הקהילה החסידית, שניהם נחשבו מגדולי התורה בדורם."
seder_hadorot:648,acharonei_zmanenu,5603,5665,רבי אליהו דוד רבינוביץ תאומים,בעל האדרת,האדרת,"רבי אליהו דוד רבינוביץ תאומים, ""האדרת"""
seder_hadorot:649,acharonim,5605,5653,רבי ברוך מנדל מויזניץ,,,רבי ברוך מנדל מויזניץ
seder_hadorot:650,acharonei_zmanenu,5605,5674,רבי יעקב דוד בן זאב מילובסקי,"רידב""ז",,"רבי יעקב דוד בן זאב מילובסקי (רידב""ז)"
seder_hadorot:651,acharonei_zmanenu,5607,5665,רבי יהודה אריה ליב אלתר מגור,בעל שפת אמת,שפת אמת,"רבי יהודה אריה ליב אלתר מגור ""שפת אמת"""
seder_hadorot:652,acharonei_zmanenu,5608,5689,רבי רפאל בן שמעון,אהרן | בעל ומצוף דבש,ומצוף דבש,"רבי רפאל (אהרן) בן שמעון ""ומצוף דבש"" ..."
seder_hadorot:653,acharonei_zmanenu,5608,5689,רבי שלמה אבן דנאן,,,רבי שלמה אבן דנאן
seder_hadorot:654,acharonei_zmanenu,5609,5687,רבי נתן צבי פינקל,הסבא מסלבודקה,,רבי נתן צבי פינקל (הסבא מסלבודקה) מיסד ישיבת חברון וסלבודקה
seder_hadorot:655,acharonei_zmanenu,5609,5692,רבי יוסף חיים זוננפלד,,,"רבי יוסף חיים זוננפלד תלמיד המהרי""ל דיסקין"
seder_hadorot:656,acharonei_zmanenu,5610,5670,רבי אליעזר גורדון,,,"רבי אליעזר גורדון תלמיד הגר""י סלאטר, מיסד ישיבת טלז"
seder_hadorot:657,acharonei_zmanenu,5610,5674,רבי צבי הירש ממונקאץ,בעל דרכי תשובה,דרכי תשובה,"רבי צבי הירש ממונקאץ' ""דרכי תשובה"""
seder_hadorot:658,acharonei_zmanenu,5610,5679,רבי יוסף יוזל הורוביץ,הסבא מנובהרדוק,,רבי יוסף יוזל הורוביץ (הסבא מנובהרדוק)
seder_hadorot:659,acharonei_zmanenu,5611,5687,רבי ישכר דב רוקח,,,רבי ישכר דב רוקח (בעלזא דור ג')
seder_hadorot:660,acharonei_zmanenu,5613,5678,רבי חיים הלוי סולוביצ'ק מבריסק,,,רבי חיים הלוי סולוביצ'ק מבריסק
seder_hadorot:661,acharonei_zmanenu,5616,5699,רבי יעקב מאיר,,,"רבי יעקב מאיר, הרשל""צ הראשון"
seder_hadorot:662,acharonei_zmanenu,5618,5693,רבי חיים שאול דוויק כהן,,,רבי חיים שאול דוויק כהן
seder_hadorot:663,acharonei_zmanenu,5618,5696,רבי יוסף רוז'ין,הרוגצ'ובר,,רבי יוסף רוז'ין ('הרוגצ'ובר')
seder_hadorot:664,acharonei_zmanenu,5619,5702,רבי יהודה פתייה,בעל מנחת יהודה | בעל בית לחם יהודה,מנחת יהודה | בית לחם יהודה,"רבי יהודה פתייה ""מנחת יהודה"" ""בית לחם יהודה"""
seder_hadorot:665,acharonei_zmanenu,5619,5680,רבי יוסף אנג'ל,בעל אתוון דארייתא | בעל לקח טוב,אתוון דארייתא | לקח טוב,"רבי יוסף אנג'ל ""אתוון דארייתא"" ""לקח טוב"", תלמיד רבי חיים מצאנז"
seder_hadorot:666,acharonei_zmanenu,,5720,"רבי יצחק זאב ב""ר חיים הלוי סלובייציק","הגרי""ז מבריסק",,"רבי יצחק זאב ב""ר חיים הלוי סלובייציק ""הגרי""ז מבריסק"""
seder_hadorot:667,acharonei_zmanenu,5620,5699,רבי שמעון יהודה שקופ,בעל שערי יושר,שערי יושר,"רבי שמעון יהודה שקופ ""שערי יושר"""
seder_hadorot:668,acharonei_zmanenu,5620,5702,רבי ברוך הלוי עפפשטיין,בעל תורה תמימה,תורה תמימה,"רבי ברוך הלוי עפפשטיין ""תורה תמימה"" בנו של הערוך השולחן"
seder_hadorot:669,acharonei_zmanenu,5623,5700,רבי חיים עוזר גרוז'ינסקי,בעל אחיעזר,אחיעזר,"רבי חיים עוזר גרוז'ינסקי ""אחיעזר"""
seder_hadorot:670,acharonei_zmanenu,5625,5695,רבי אברהם יצחק הכהן קוק,בעל משפטי כהן,משפטי כהן,"רבי אברהם יצחק הכהן קוק ""משפטי כהן"""
seder_hadorot:671,acharonei_zmanenu,5626,5680,רבי דוד אבוחצירא,,,"רבי דוד אבוחצירא הי""ד אחיו של ""בבא סאלי"""
seder_hadorot:672,acharonei_zmanenu,5627,5690,רבי יוסף ידיד הלוי,,,רבי יוסף ידיד הלוי
seder_hadorot:673,acharonei_zmanenu,5629,5696,רבי יהודה לייב חסמן,בעל אור יהל,אור יהל,"רבי יהודה לייב חסמן ""אור יהל"""
seder_hadorot:674,acharonei_zmanenu,5630,5699,רבי יעקב חיים סופר,בעל כף החיים,כף החיים,"רבי יעקב חיים סופר ""כף החיים"""
seder_hadorot:675,acharonei_zmanenu,5630,5714,רבי איסר זלמן מלצר,בעל אבן האזל,אבן האזל,"רבי איסר זלמן מלצר ""אבן האזל"""
seder_hadorot:676,acharonei_zmanenu,5631,5676,רבי חיים סתהון,בעל ארץ חיים,ארץ חיים,"רבי חיים סתהון ""ארץ חיים"""
seder_hadorot:677,acharonei_zmanenu,5631,5690,רבי נפתלי טרופ,"הגרנ""ט",,"רבי נפתלי טרופ (הגרנ""ט)"
seder_hadorot:678,acharonei_zmanenu,5631,5697,רבי חיים אליעזר שפירא ממונקאטש,,,"רבי חיים אליעזר שפירא ממונקאטש בנו של ה""דרכי תשובה"""
seder_hadorot:679,acharonei_zmanenu,5631,5730,רבי אליהו לופיאן,,,"רבי אליהו לופיאן רבו של רב שלום שבדרון ""לב אליהו"""
seder_hadorot:680,acharonei_zmanenu,5632,5715,רבי יחיאל מיכל טוקצ'ינסקי,,,רבי יחיאל מיכל טוקצ'ינסקי
seder_hadorot:681,acharonei_zmanenu,5632,5701,רבי סלמן אליהו,,,"רבי סלמן אליהו, אביו של רבי מרדכי אליהו"
seder_hadorot:682,acharonei_zmanenu,5633,5721,רבי צבי פסח פרנק,בעל הר צבי,הר צבי,"רבי צבי פסח פרנק ""הר צבי"""
seder_hadorot:683,acharonei_zmanenu,5633,5731,רבי עזרא עטייה,,,"רבי עזרא עטייה רבו של הגר""ע יוסף והגרב""צ אבא שאול...."
seder_hadorot:684,acharonei_zmanenu,5634,5710,רבי משה כלפון הכהן,בעל שואל ונשאל,שואל ונשאל,"רבי משה כלפון הכהן ""שואל ונשאל"""
seder_hadorot:685,acharonei_zmanenu,5635,5699,רבי אלחנן שמחה וסרמן,בעל קובץ ביאורים,קובץ ביאורים,"רבי אלחנן שמחה וסרמן הי""ד, ""קובץ ביאורים"" תלמיד החפץ חיים גיסו של רבי חיים עוזר"
seder_hadorot:686,acharonei_zmanenu,5635,5704,רבי יצחק אייזיק מזידיטשוב,בעל חקל יצחק,חקל יצחק,"רבי יצחק אייזיק מזידיטשוב ""חקל יצחק"""
seder_hadorot:687,acharonei_zmanenu,5639,5714,רבי אברהם ישעיהו קרליץ,בעל חזון איש,חזון איש,"רבי אברהם ישעיהו קרליץ ""חזון איש"""
seder_hadorot:688,acharonei_zmanenu,5640,5713,רבי בן ציון מאיר חי עוזיאל,בעל משפטי עוזיאל,משפטי עוזיאל,"רבי בן ציון מאיר חי עוזיאל ""משפטי עוזיאל"""
seder_hadorot:689,acharonei_zmanenu,5643,5695,רבנית שרה שנירר,,,רבנית שרה שֶׁנִירֶר מחנכת ומייסדת רשת בית יעקב לחינוך חרדי לבנות
seder_hadorot:690,acharonei_zmanenu,5645,5734,רבי יחזקאל לוינשטיין,המשגיח,,"רבי יחזקאל לוינשטיין ""המשגיח"""
seder_hadorot:691,acharonei_zmanenu,5645,5717,רבי חיים חורי,,,רבי חיים חורי
seder_hadorot:692,acharonei_zmanenu,,5730,רבי יצחק אבוחצירא,בבא חאקי,,"רבי יצחק אבוחצירא ""בבא חאקי"" אחיו של בבא סאלי"
seder_hadorot:693,acharonei_zmanenu,5645,5729,רבי אריה לוין,רב האסירים,,רבי אריה לוין (רב האסירים)
seder_hadorot:694,acharonei_zmanenu,5646,5729,רבי יוסף שלמה כהנמאן,בעל פוניבז' רוב,פוניבז' רוב,"רבי יוסף שלמה כהנמאן ""פוניבז' רוב"""
seder_hadorot:695,acharonei_zmanenu,5646,5736,רבי יחזקאל אברהמסקי,,,רבי יחזקאל אברהמסקי
seder_hadorot:696,acharonei_zmanenu,5647,5694,רבי יהודה מאיר שפירא,,,רבי יהודה מאיר שפירא מיסד הדף היומי וישיבת חכמי לובלין
seder_hadorot:697,acharonei_zmanenu,5647,5739,רבי יואל טיטלבוים,בעל ויאל משה | בעל דברי יואל,ויאל משה | דברי יואל,"רבי יואל טיטלבוים ""ויאל משה"" ""דברי יואל"""
seder_hadorot:698,acharonei_zmanenu,5650,5714,רבי אברהם חיים נאה,בעל שיעורי תורה,שיעורי תורה,"רבי אברהם חיים נאה ""שיעורי תורה"""
seder_hadorot:699,acharonei_zmanenu,5650,5729,רבי יחזקאל סרנא,,,"רבי יחזקאל סרנא ר""י חברון"
seder_hadorot:700,acharonei_zmanenu,,5717,רבי אפרים מנשה הכהן,,,"רבי אפרים מנשה הכהן, אביו של רבי שלום כהן"
seder_hadorot:701,acharonei_zmanenu,5650,5731,רבי רפאל ברוך טולידאנו,"בעל קצור שו""ע","קצור שו""ע","רבי רפאל ברוך טולידאנו ""קצור שו""ע"""
seder_hadorot:702,acharonei_zmanenu,5650,5744,רבי ישראל אבוחצירא,בבא סאלי,,"רבי ישראל אבוחצירא ""בבא סאלי"""
seder_hadorot:703,acharonei_zmanenu,5650,5729,רבי משה עדס,,,רבי משה עדס
seder_hadorot:704,acharonei_zmanenu,5650,5729,רבי עובדיה הדאיה,בעל ישכיל עבדי,ישכיל עבדי,"רבי עובדיה הדאיה ""ישכיל עבדי"""
seder_hadorot:705,acharonei_zmanenu,5651,5746,רבי יעקב קמינצקי,בעל אמת ליעקב,אמת ליעקב,"רבי יעקב קמינצקי ""אמת ליעקב"""
seder_hadorot:706,acharonei_zmanenu,5652,5714,רבי אליהו דסלר,בעל מכתב מאליהו,מכתב מאליהו,"רבי אליהו דסלר ""מכתב מאליהו"""
seder_hadorot:707,acharonei_zmanenu,5652,5723,רבי אהרן קוטלר,,,"רבי אהרן קוטלר, ר""י ליקווד"
seder_hadorot:708,acharonei_zmanenu,5653,5729,רבי מרדכי סגרון,בעל מאמר מרדכי | בעל וישב מרדכי,מאמר מרדכי | וישב מרדכי,"רבי מרדכי סגרון ""מאמר מרדכי"" ""וישב מרדכי"" ..."
seder_hadorot:709,acharonei_zmanenu,5654,5707,רבי אהרן ראטה,,,רבי אהרן ראטה (שומר אמונים)
seder_hadorot:710,acharonei_zmanenu,5654,5749,רבי מאיר הלוי חדש,המשגיח,,"רבי מאיר הלוי חדש ""המשגיח"""
seder_hadorot:711,acharonei_zmanenu,5655,5737,רבי ישראל אלתר,בעל בית ישראל,בית ישראל,"רבי ישראל אלתר ""בית ישראל"" מגור"
seder_hadorot:712,acharonei_zmanenu,5655,5746,רבי משה פינשטיין,בעל אגרות משה,אגרות משה,"רבי משה פינשטיין ""אגרות משה"""
seder_hadorot:713,acharonei_zmanenu,5656,5766,רבי יצחק כדורי,,,"רבי יצחק כדורי, זקן המקובלים"
seder_hadorot:714,acharonei_zmanenu,5658,5723,רבי יעקב עדס,,,"רבי יעקב עדס, אביו של רב יהודה עדס"
seder_hadorot:715,acharonei_zmanenu,5659,5745,רבי יעקב ישראל קנייבסקי,הסטייפלר | בעל קהילות יעקב,קהילות יעקב,"רבי יעקב ישראל קנייבסקי ""הסטייפלר"" ""קהילות יעקב"" גיסו של החזון איש אביו של רבי חיים קנייבסקי"
seder_hadorot:716,acharonei_zmanenu,5659,5762,רבי אלעזר מנחם מן שך,בעל אבי עזרי,אבי עזרי,"רבי אלעזר מנחם מן שך ""אבי עזרי"" ר""י פוניבז"
seder_hadorot:717,acharonei_zmanenu,5660,5735,רבי סלמאן מוצפי,,,"רבי סלמאן מוצפי, תלמיד הרב יהודה פתייה והרב חיים שאול דוויק הכהן והרב יעקב מונסה, אביו של הרב בן ציון מוצפי שליט""א"
seder_hadorot:718,acharonei_zmanenu,5660,5743,רבי יעקב מוצפי,,,רבי יעקב מוצפי
seder_hadorot:719,acharonei_zmanenu,5661,5719,רבי רחמים חי חוויתה הכהן,,,רבי רחמים חי חוויתה הכהן
seder_hadorot:720,acharonei_zmanenu,5662,5739,רבי חיים שמואלביץ,בעל שיחות מוסר,שיחות מוסר,"רבי חיים שמואלביץ ""שיחות מוסר"""
seder_hadorot:721,acharonei_zmanenu,5662,5749,רבי יצחק יעקב וייס,בעל מנחת יצחק,מנחת יצחק,"רבי יצחק יעקב וייס ""מנחת יצחק"""
seder_hadorot:722,acharonei_zmanenu,5662,5754,רבי מנחם מנדל שנארסון מלובביץ,,,רבי מנחם מנדל שנארסון מלובביץ
seder_hadorot:723,acharonei_zmanenu,5662,5759,רבי דוד פוברסקי,,,"רבי דוד פוברסקי ר""י פוניבז"
seder_hadorot:724,acharonei_zmanenu,5668,5744,רבי מרדכי שרעבי,,,רבי מרדכי שרעבי
seder_hadorot:725,acharonei_zmanenu,5669,5763,רבי שלום משאש,,,רבי שלום משאש רבה של ירושלים
seder_hadorot:726,acharonei_zmanenu,5670,5752,רבי יהודה צדקה,,,"רבי יהודה צדקה, רבם של רבי ב""צ אבא שאול רבי עובדיה יוסף רבי מרדכי אליהו..."
seder_hadorot:727,acharonei_zmanenu,5670,5755,רבי שלמה זלמן אוירבך,בעל מנחת שלמה,מנחת שלמה,"רבי שלמה זלמן אוירבך ""מנחת שלמה"" ר""י קול תורה"
seder_hadorot:728,acharonei_zmanenu,5670,5772,רבי חיים פנחס שיינברג,,,רבי חיים פנחס שיינברג ראש ישיבת תורה אור
seder_hadorot:729,acharonei_zmanenu,5670,5772,רבי יוסף שלום אלישיב,,,רבי יוסף שלום אלישיב
seder_hadorot:730,acharonei_zmanenu,5672,5731,רבי מצליח מאזוז,בעל איש מצליח,איש מצליח,"הקדוש רבי מצליח מאזוז הי""ד ""איש מצליח"" אביו של רבי מאיר מאזוז"
seder_hadorot:731,acharonei_zmanenu,5672,5758,רבי מנצור בן שמעון,,,רבי מנצור בן שמעון
seder_hadorot:732,acharonei_zmanenu,5673,5739,רבי שמואל רוזובסקי,,,"רבי שמואל רוזובסקי, ר""י פונביז"
seder_hadorot:733,acharonei_zmanenu,5673,5758,רבי שלום מרדכי שבדרון הכהן,,,רבי שלום מרדכי שבדרון הכהן
seder_hadorot:734,acharonei_zmanenu,5674,5765,רבי שלמה וולבה,בעל עלי שור,עלי שור,"רבי שלמה וולבה ""עלי שור"""
seder_hadorot:735,acharonei_zmanenu,5674,5771,רבי מיכל יהודה ליפקוביץ,,,"רבי מיכל יהודה ליפקוביץ ר""י פונבז לצעירים"
seder_hadorot:736,acharonei_zmanenu,5676,5743,רבי מאיר אבוחצירא,בבא מאיר,,"רבי מאיר אבוחצירא ""בבא מאיר"", בן בכורו של הבבא סאלי"
seder_hadorot:737,acharonei_zmanenu,5676,5767,רבי אליעזר יהודב ולדברג,בעל ציץ אליעזר,ציץ אליעזר,"רבי אליעזר יהודב ולדברג ""ציץ אליעזר"""
seder_hadorot:738,acharonei_zmanenu,5676,5766,רבי בוגיד חנינא סעדון,בעל מגיד תשובה,מגיד תשובה,"רבי בוגיד חנינא סעדון ""מגיד תשובה"""
seder_hadorot:739,acharonei_zmanenu,5677,5766,רבי משה שמואל שפירא,,,"רבי משה שמואל שפירא, ר""י באר יעקב"
seder_hadorot:740,acharonei_zmanenu,5680,5762,רבי חיים קרייזוורט,,,רבי חיים קרייזוורט
seder_hadorot:741,acharonei_zmanenu,5681,5774,רבי עובדיה יוסף,בעל יביע אומר | בעל טהרת הבית | בעל יחווה דעת | בעל חזון עובדיה,יביע אומר | טהרת הבית | יחווה דעת | חזון עובדיה,"מרן מלכא מורנו הרב רבי עובדיה יוסף ""יביע אומר"" ""טהרת הבית"" ""יחווה דעת"" ""חזון עובדיה"" ..."
seder_hadorot:742,acharonei_zmanenu,5683,5746,רבי חיים פרידלננדר,בעל שפתי חיים,שפתי חיים,"רבי חיים פרידלננדר ""שפתי חיים"""
seder_hadorot:743,acharonei_zmanenu,5683,5764,רבי גדליהו נדל,,,"רבי גדליהו נדל, תלמיד החזו""א"
seder_hadorot:744,acharonei_zmanenu,5684,5753,רבי יוסף משה עדס,,,רבי יוסף משה עדס מרבני פורת יוסף
seder_hadorot:745,acharonei_zmanenu,5684,5758,רבי בן ציון אבא שאול,בעל אור לציון,אור לציון,"רבי בן ציון אבא שאול ""אור לציון"""
seder_hadorot:746,acharonei_zmanenu,5685,5763,רבי ישראל יעקב פישר,בעל אבן ישראל,אבן ישראל,"רבי ישראל יעקב פישר ""אבן ישראל"""
seder_hadorot:747,acharonei_zmanenu,5687,5773,רבי יהושע ישעיה נויבירט,בעל שמירת שבת כהלכתה,שמירת שבת כהלכתה,"רבי יהושע ישעיה נויבירט ""שמירת שבת כהלכתה"""
seder_hadorot:748,acharonei_zmanenu,5689,5770,רבי מרדכי אליהו,,,"רבי מרדכי אליהו הרשל""צ"
seder_hadorot:749,acharonei_zmanenu,5692,5772,רבנית בת שבע אסתר קנייבסקי,,,רבנית בת שבע אסתר קַניֶיבסקי אשת הרב חיים קנייבסקי ובתו של הרב יוסף שלום אלישיב
seder_hadorot:750,acharonei_zmanenu,5693,5765,רבי חיים קמיל,,,"רבי חיים קמיל, ר""י אופקים"
seder_hadorot:751,acharonei_zmanenu,5694,5769,רבי מאיר בראנסופער,,,"רבי מאיר בראנסופער דיין בבד""ץ ומוהל"
seder_hadorot:752,acharonei_zmanenu,5695,5765,רבי דניאל פריש,בעל מתוק מדבש,מתוק מדבש,"רבי דניאל פריש ""מתוק מדבש"""
seder_hadorot:753,acharonei_zmanenu,,5765,רבי אבא ברמן,בעל עיון התלמוד,עיון התלמוד,"רבי אבא ברמן ""עיון התלמוד"""
seder_hadorot:754,acharonei_zmanenu,5703,5772,רבי נתן צבי פינקל,,,רבי נתן צבי פינקל ראש ישיבת מיר בירושלים
seder_hadorot:755,acharonei_zmanenu,5704,5761,רבי שמשון פינקוס,בעל שערים בתפילה,שערים בתפילה,"רבי שמשון פינקוס ""שערים בתפילה""..."
seder_hadorot:756,acharonei_zmanenu,5706,5764,רבי ניסים רביבו,,,"רבי ניסים רביבו אב""ד פריז"
seder_hadorot:757,acharonei_zmanenu,5707,5772,רבי נסים פרץ,,,"רבי נסים פרץ מקובל וראש מוסדות ""בית אל"" בבני ברק"
seder_hadorot:758,acharonei_zmanenu,5707,5773,רבי יעקב יוסף,,,"רבי יעקב יוסף ראש ישיבת ""חזון יעקב"" בנו של מרן רבי עובדיה יוסף"
seder_hadorot:759,acharonei_zmanenu,5708,5771,רבי אלעזר אבוחצירא,,,רבי אלעזר אבוחצירא בנו של רבי מאיר
seder_hadorot:760,acharonei_zmanenu,5721,5760,רבי משה לוי,בעל מנוחת אהבה | בעל תפילה למשה | בעל ברכת ה',מנוחת אהבה | תפילה למשה | ברכת ה',"רבי משה לוי ""מנוחת אהבה"" ""תפילה למשה"" ""ברכת ה'"""
